"campaignid","sample","family","genus","species","maxn","stereo.maxn","difference","percent.difference"
"2014-10_Montebello.sanctuaries_stereoBRUVs","NCB547","Atherinidae","Unknown","spp",750,1,749,99.8666666666667
"2014-05_Exmouth.to.Dampier.shallow_stereoBRUVs","NCB172","Carangidae","Selaroides","leptolepis",150,90,60,40
"2015-09_Exmouth.Gulf_stereoBRUVs","NCB1293","Carangidae","Atule","mate",50,22,28,56
"2015-09_Exmouth.Gulf_stereoBRUVs","MNCB227","Clupeidae","Herklotsichthys","spp",50,23,27,54
"2014-05_Exmouth.to.Dampier.shallow_stereoBRUVs","NCB126","Carangidae","Atule","mate",40,20,20,50
"2014-10_Ningaloo.shallow.sanctuaries_stereoBRUVs","NCB277","Caesionidae","Pterocaesio","tile",123,105,18,14.6341463414634
"2014-10_Ningaloo.shallow.sanctuaries_stereoBRUVs","NCB369","Caesionidae","Pterocaesio","tile",132,115,17,12.8787878787879
"2014-10_Ningaloo.shallow.sanctuaries_stereoBRUVs","NCB319","Didemnidae","Leptoclinides","variegatus",0,16,16,Inf
"2014-05_Exmouth.to.Dampier.shallow_stereoBRUVs","NCB175","Apogonidae","Ostorhinchus","monospilus",102,87,15,14.7058823529412
"2015-01_Montebello.transect_stereoBRUVs","NCB624","Carangidae","Gnathanodon","speciosus",17,5,12,70.5882352941177
"2015-01_Montebello.transect_stereoBRUVs","NCB649","Carangidae","Atule","mate",41,29,12,29.2682926829268
"2014-10_Ningaloo.shallow.sanctuaries_stereoBRUVs","NCB277","Caesionidae","Pterocaesio","digramma",254,244,10,3.93700787401575
"2015-09_Mackerel.Islands.shallow_stereoBRUVs","MNCB273","Haemulidae","Diagramma","pictum",0,9,9,Inf
"2014-05_Exmouth.to.Dampier.shallow_stereoBRUVs","NCB137","Scaridae","Scarus","rivulatus",12,4,8,66.6666666666667
"2014-05_Exmouth.to.Dampier.shallow_stereoBRUVs","NCB66","Haemulidae","Diagramma","labiosum",0,8,8,Inf
"2014-05_Exmouth.to.Dampier.shallow_stereoBRUVs","NCB154","Pomacentridae","Pomacentrus","coelestis",207,201,6,2.89855072463768
"2015-01_Montebello.transect_stereoBRUVs","NCB682","Nemipteridae","Pentapodus","porosus",15,21,6,40
"2015-09_Dampier.Archipelago_stereoBRUVs","NCB1548","Haemulidae","Diagramma","pictum",0,6,6,Inf
"2014-05_Exmouth.to.Dampier.shallow_stereoBRUVs","NCB127","Haemulidae","Diagramma","labiosum",0,5,5,Inf
"2014-05_Exmouth.to.Dampier.shallow_stereoBRUVs","NCB141","Labridae","Leptojulis","cyanopleura",156,151,5,3.2051282051282
"2014-10_Ningaloo.shallow.sanctuaries_stereoBRUVs","NCB284","Caesionidae","Pterocaesio","digramma",200,195,5,2.5
"2014-10_Ningaloo.shallow.sanctuaries_stereoBRUVs","NCB373","Caesionidae","Pterocaesio","tile",203,198,5,2.46305418719212
"2015-09_Dampier.Archipelago_stereoBRUVs","NCB1523","Carangidae","Atule","mate",12,7,5,41.6666666666667
"2015-09_Mackerel.Islands.shallow_stereoBRUVs","MNCB317","Haemulidae","Diagramma","pictum",0,5,5,Inf
"2014-05_Exmouth.to.Dampier.shallow_stereoBRUVs","NCB161","Caesionidae","Caesio","caerulaurea",12,8,4,33.3333333333333
"2014-05_Exmouth.to.Dampier.shallow_stereoBRUVs","NCB162","Haemulidae","Diagramma","labiosum",0,4,4,Inf
"2014-05_Exmouth.to.Dampier.shallow_stereoBRUVs","NCB188","Haemulidae","Diagramma","labiosum",0,4,4,Inf
"2014-05_Exmouth.to.Dampier.shallow_stereoBRUVs","NCB206","Haemulidae","Diagramma","labiosum",0,4,4,Inf
"2014-05_Exmouth.to.Dampier.shallow_stereoBRUVs","NCB26","Haemulidae","Diagramma","labiosum",0,4,4,Inf
"2014-10_Exmouth.to.Dampier.deep_stereoBRUVs","NCB394","Labridae","Cirrhilabrus","morrisoni",6,2,4,66.6666666666667
"2014-10_Exmouth.to.Dampier.deep_stereoBRUVs","NCB394","Labridae","Oxycheilinus","rhodochrous",0,4,4,Inf
"2014-10_Exmouth.to.Dampier.deep_stereoBRUVs","NCB443","Tetraodontidae","Lagocephalus","lunaris",6,2,4,66.6666666666667
"2014-10_Exmouth.to.Dampier.deep_stereoBRUVs","NCB451","Acanthuridae","Acanthurus","mata",27,23,4,14.8148148148148
"2014-10_Montebello.sanctuaries_stereoBRUVs","NCB525","Labridae","Thalassoma","lunare",4,8,4,100
"2015-01_Montebello.transect_stereoBRUVs","NCB656","Labridae","Cirrhilabrus","temminckii",123,127,4,3.2520325203252
"2015-01_Montebello.transect_stereoBRUVs","NCB706","Carangidae","Atule","mate",5,1,4,80
"2014-05_Exmouth.to.Dampier.shallow_stereoBRUVs","NCB103","Nemipteridae","Pentapodus","porosus",14,11,3,21.4285714285714
"2014-05_Exmouth.to.Dampier.shallow_stereoBRUVs","NCB167","Nemipteridae","Pentapodus","emeryii",4,1,3,75
"2014-05_Exmouth.to.Dampier.shallow_stereoBRUVs","NCB198","Pomacentridae","Chromis","viridis",12,9,3,25
"2014-05_Exmouth.to.Dampier.shallow_stereoBRUVs","NCB251","Labridae","Cymolutes","torquatus",0,3,3,Inf
"2014-05_Exmouth.to.Dampier.shallow_stereoBRUVs","NCB35","Carangidae","Atule","mate",4,1,3,75
"2014-10_Exmouth.to.Dampier.deep_stereoBRUVs","NCB386","Scombridae","Scomberomorus","spp",1,4,3,300
"2014-10_Exmouth.to.Dampier.deep_stereoBRUVs","NCB395","Labridae","Oxycheilinus","rhodochrous",0,3,3,Inf
"2014-10_Exmouth.to.Dampier.deep_stereoBRUVs","NCB396","Labridae","Oxycheilinus","rhodochrous",0,3,3,Inf
"2014-10_Exmouth.to.Dampier.deep_stereoBRUVs","NCB441","Tetraodontidae","Lagocephalus","lunaris",4,1,3,75
"2014-10_Exmouth.to.Dampier.deep_stereoBRUVs","NCB444","Dasyatidae","Himantura","fai",0,3,3,Inf
"2014-10_Exmouth.to.Dampier.deep_stereoBRUVs","NCB489","Carangidae","Selaroides","leptolepis",26,23,3,11.5384615384615
"2014-10_Ningaloo.shallow.sanctuaries_stereoBRUVs","NCB317","Labridae","Anampses","melanurus",6,3,3,50
"2014-10_Ningaloo.shallow.sanctuaries_stereoBRUVs","NCB340","Pomacentridae","Pomacentrus","coelestis",61,58,3,4.91803278688525
"2014-10_Ningaloo.shallow.sanctuaries_stereoBRUVs","NCB341","Pomacentridae","Dascyllus","trimaculatus",5,2,3,60
"2014-10_Ningaloo.shallow.sanctuaries_stereoBRUVs","NCB346","Pomacentridae","Pomacentrus","coelestis",29,26,3,10.3448275862069
"2014-10_Ningaloo.shallow.sanctuaries_stereoBRUVs","NCB350","Labridae","Thalassoma","lunare",7,10,3,42.8571428571429
"2014-10_Ningaloo.shallow.sanctuaries_stereoBRUVs","NCB372","Caesionidae","Pterocaesio","tile",6,3,3,50
"2015-01_Montebello.transect_stereoBRUVs","NCB613","Labridae","Anampses","lennardi",3,6,3,100
"2015-01_Montebello.transect_stereoBRUVs","NCB614","Labridae","Leptojulis","cyanopleura",5,2,3,60
"2015-01_Montebello.transect_stereoBRUVs","NCB628","Carangidae","Gnathanodon","speciosus",9,12,3,33.3333333333333
"2015-01_Montebello.transect_stereoBRUVs","NCB632","Haemulidae","Diagramma","labiosum",0,3,3,Inf
"2015-09_Dampier.Archipelago_stereoBRUVs","NCB1560","Labridae","Leptojulis","chrysotaenia",0,3,3,Inf
"2015-09_Dampier.transect_stereoBRUVs","NCB1482","Labridae","Oxycheilinus","rhodochrous",0,3,3,Inf
"2015-09_Dampier.transect_stereoBRUVs","NCB1493","Labridae","Oxycheilinus","rhodochrous",0,3,3,Inf
"2014-05_Exmouth.to.Dampier.shallow_stereoBRUVs","NCB102","Haemulidae","Diagramma","labiosum",0,2,2,Inf
"2014-05_Exmouth.to.Dampier.shallow_stereoBRUVs","NCB115","Apogonidae","Apogon","doederleini",0,2,2,Inf
"2014-05_Exmouth.to.Dampier.shallow_stereoBRUVs","NCB163","Labridae","Choerodon","schoenleinii",3,1,2,66.6666666666667
"2014-05_Exmouth.to.Dampier.shallow_stereoBRUVs","NCB163","Pomacentridae","Pomacentrus","coelestis",13,11,2,15.3846153846154
"2014-05_Exmouth.to.Dampier.shallow_stereoBRUVs","NCB180","Tetraodontidae","Canthigaster","coronata",0,2,2,Inf
"2014-05_Exmouth.to.Dampier.shallow_stereoBRUVs","NCB186","Labridae","Halichoeres","nebulosus",8,6,2,25
"2014-05_Exmouth.to.Dampier.shallow_stereoBRUVs","NCB190","Lethrinidae","Lethrinus","variegatus",43,41,2,4.65116279069767
"2014-05_Exmouth.to.Dampier.shallow_stereoBRUVs","NCB192","Lethrinidae","Lethrinus","miniatus",10,8,2,20
"2014-05_Exmouth.to.Dampier.shallow_stereoBRUVs","NCB192","Pomacentridae","Pomacentrus","coelestis",71,69,2,2.8169014084507
"2014-05_Exmouth.to.Dampier.shallow_stereoBRUVs","NCB208","Pomacanthidae","Pomacanthus","semicirculatus",3,1,2,66.6666666666667
"2014-05_Exmouth.to.Dampier.shallow_stereoBRUVs","NCB214","Labridae","Thalassoma","lutescens",8,10,2,25
"2014-05_Exmouth.to.Dampier.shallow_stereoBRUVs","NCB215","Labridae","Hologymnosus","annulatus",2,4,2,100
"2014-05_Exmouth.to.Dampier.shallow_stereoBRUVs","NCB22","Carangidae","Atule","mate",5,3,2,40
"2014-05_Exmouth.to.Dampier.shallow_stereoBRUVs","NCB223","Carangidae","Unknown","spp",47,49,2,4.25531914893617
"2014-05_Exmouth.to.Dampier.shallow_stereoBRUVs","NCB252","Tetraodontidae","Canthigaster","coronata",0,2,2,Inf
"2014-05_Exmouth.to.Dampier.shallow_stereoBRUVs","NCB259","Labridae","Coris","batuensis",0,2,2,Inf
"2014-05_Exmouth.to.Dampier.shallow_stereoBRUVs","NCB28","Haemulidae","Diagramma","labiosum",0,2,2,Inf
"2014-05_Exmouth.to.Dampier.shallow_stereoBRUVs","NCB47","Labridae","Anampses","lennardi",8,6,2,25
"2014-05_Exmouth.to.Dampier.shallow_stereoBRUVs","NCB55","Synodontidae","Trachinocephalus","myops",0,2,2,Inf
"2014-05_Exmouth.to.Dampier.shallow_stereoBRUVs","NCB76","Synodontidae","Trachinocephalus","myops",0,2,2,Inf
"2014-05_Exmouth.to.Dampier.shallow_stereoBRUVs","NCB77","Haemulidae","Diagramma","labiosum",0,2,2,Inf
"2014-05_Exmouth.to.Dampier.shallow_stereoBRUVs","NCB92","Synodontidae","Trachinocephalus","myops",0,2,2,Inf
"2014-05_Exmouth.to.Dampier.shallow_stereoBRUVs","NCB97","Dasyatidae","Neotrygon","kuhlii",0,2,2,Inf
"2014-10_Exmouth.to.Dampier.deep_stereoBRUVs","NCB386","Haemulidae","Diagramma","pictum",0,2,2,Inf
"2014-10_Exmouth.to.Dampier.deep_stereoBRUVs","NCB396","Pseudochromidae","Oxycercichthys","veliferus",0,2,2,Inf
"2014-10_Exmouth.to.Dampier.deep_stereoBRUVs","NCB422","Carangidae","Carangoides","fulvoguttatus",0,2,2,Inf
"2014-10_Exmouth.to.Dampier.deep_stereoBRUVs","NCB426","Haemulidae","Diagramma","pictum",0,2,2,Inf
"2014-10_Exmouth.to.Dampier.deep_stereoBRUVs","NCB433","Tetraodontidae","Lagocephalus","lunaris",4,2,2,50
"2014-10_Exmouth.to.Dampier.deep_stereoBRUVs","NCB442","Tetraodontidae","Lagocephalus","lunaris",3,1,2,66.6666666666667
"2014-10_Exmouth.to.Dampier.deep_stereoBRUVs","NCB445","Tetraodontidae","Lagocephalus","lunaris",6,4,2,33.3333333333333
"2014-10_Exmouth.to.Dampier.deep_stereoBRUVs","NCB447","Labridae","Oxycheilinus","rhodochrous",0,2,2,Inf
"2014-10_Exmouth.to.Dampier.deep_stereoBRUVs","NCB468","Haemulidae","Diagramma","pictum",0,2,2,Inf
"2014-10_Exmouth.to.Dampier.deep_stereoBRUVs","NCB470","Dasyatidae","Neotrygon","kuhlii",0,2,2,Inf
"2014-10_Exmouth.to.Dampier.deep_stereoBRUVs","NCB483","Echeneidae","Echeneis","naucrates",3,1,2,66.6666666666667
"2014-10_Exmouth.to.Dampier.deep_stereoBRUVs","NCB507","Haemulidae","Diagramma","pictum",0,2,2,Inf
"2014-10_Exmouth.to.Dampier.deep_stereoBRUVs","NCB513","Labridae","Oxycheilinus","rhodochrous",0,2,2,Inf
"2014-10_Montebello.sanctuaries_stereoBRUVs","NCB531","Haemulidae","Diagramma","labiosum",0,2,2,Inf
"2014-10_Montebello.sanctuaries_stereoBRUVs","NCB563","Chaetodontidae","Chaetodon","unimaculatus",4,2,2,50
"2014-10_Ningaloo.shallow.sanctuaries_stereoBRUVs","NCB281","Carangidae","Alepes","vari",13,11,2,15.3846153846154
"2014-10_Ningaloo.shallow.sanctuaries_stereoBRUVs","NCB284","Labridae","Hologymnosus","annulatus",3,5,2,66.6666666666667
"2014-10_Ningaloo.shallow.sanctuaries_stereoBRUVs","NCB306","Echeneidae","Echeneis","naucrates",3,1,2,66.6666666666667
"2014-10_Ningaloo.shallow.sanctuaries_stereoBRUVs","NCB310","Labridae","Thalassoma","lutescens",5,7,2,40
"2014-10_Ningaloo.shallow.sanctuaries_stereoBRUVs","NCB322","Lethrinidae","Lethrinus","variegatus",14,12,2,14.2857142857143
"2014-10_Ningaloo.shallow.sanctuaries_stereoBRUVs","NCB325","Labridae","Bodianus","bilunulatus",3,1,2,66.6666666666667
"2014-10_Ningaloo.shallow.sanctuaries_stereoBRUVs","NCB328","Carangidae","Carangoides","fulvoguttatus",3,1,2,66.6666666666667
"2014-10_Ningaloo.shallow.sanctuaries_stereoBRUVs","NCB330","Carangidae","Atule","mate",3,1,2,66.6666666666667
"2014-10_Ningaloo.shallow.sanctuaries_stereoBRUVs","NCB331","Unknown","Unknown","spp",0,2,2,Inf
"2014-10_Ningaloo.shallow.sanctuaries_stereoBRUVs","NCB338","Pomacentridae","Dascyllus","trimaculatus",3,1,2,66.6666666666667
"2014-10_Ningaloo.shallow.sanctuaries_stereoBRUVs","NCB344","Haemulidae","Diagramma","labiosum",0,2,2,Inf
"2014-10_Ningaloo.shallow.sanctuaries_stereoBRUVs","NCB364","Caesionidae","Pterocaesio","tile",191,189,2,1.04712041884817
"2014-10_Ningaloo.shallow.sanctuaries_stereoBRUVs","NCB372","Pomacentridae","Pomacentrus","milleri",3,1,2,66.6666666666667
"2014-10_Ningaloo.shallow.sanctuaries_stereoBRUVs","NCB374","Acanthuridae","Acanthurus","olivaceus",9,11,2,22.2222222222222
"2014-10_Ningaloo.shallow.sanctuaries_stereoBRUVs","NCB381","Pomacentridae","Dascyllus","reticulatus",3,1,2,66.6666666666667
"2015-01_Montebello.transect_stereoBRUVs","NCB613","Serranidae","Unknown","spp",0,2,2,Inf
"2015-01_Montebello.transect_stereoBRUVs","NCB635","Hydrophiidae","Aipysurus","laevis",0,2,2,Inf
"2015-01_Montebello.transect_stereoBRUVs","NCB653","Carangidae","Atule","mate",14,12,2,14.2857142857143
"2015-01_Montebello.transect_stereoBRUVs","NCB712","Labridae","Cirrhilabrus","temminckii",4,6,2,50
"2015-01_Montebello.transect_stereoBRUVs","NCB712","Tetraodontidae","Canthigaster","coronata",0,2,2,Inf
"2015-01_Montebello.transect_stereoBRUVs","NCB713","Labridae","Cirrhilabrus","temminckii",3,5,2,66.6666666666667
"2015-09_Dampier.Archipelago_stereoBRUVs","MNCB331","Muraenidae","Gymnothorax","thrysoideus",0,2,2,Inf
"2015-09_Dampier.Archipelago_stereoBRUVs","NCB1510","Haemulidae","Diagramma","pictum",0,2,2,Inf
"2015-09_Dampier.Archipelago_stereoBRUVs","NCB1510","Muraenidae","Gymnothorax","thrysoideus",0,2,2,Inf
"2015-09_Dampier.Archipelago_stereoBRUVs","NCB1512","Haemulidae","Diagramma","pictum",0,2,2,Inf
"2015-09_Dampier.Archipelago_stereoBRUVs","NCB1557","Haemulidae","Diagramma","pictum",0,2,2,Inf
"2015-09_Dampier.transect_stereoBRUVs","NCB1462","Carangidae","Selaroides","leptolepis",40,38,2,5
"2015-09_Dampier.transect_stereoBRUVs","NCB1480","Labridae","Oxycheilinus","rhodochrous",0,2,2,Inf
"2015-09_Dampier.transect_stereoBRUVs","NCB1487","Caesionidae","Pterocaesio","chrysozona",38,36,2,5.26315789473684
"2015-09_Dampier.transect_stereoBRUVs","NCB1487","Carangidae","Atule","mate",3,1,2,66.6666666666667
"2015-09_Dampier.transect_stereoBRUVs","NCB1499","Rhynchobatidae","Rhynchobatus","australiae",0,2,2,Inf
"2015-09_Dampier.transect_stereoBRUVs","NCB1500","Synodontidae","Saurida","undosquamis",3,1,2,66.6666666666667
"2015-09_Dampier.transect_stereoBRUVs","NCB1535","Labridae","Leptojulis","chrysotaenia",0,2,2,Inf
"2015-09_Exmouth.Gulf_stereoBRUVs","MNCB250","Latidae","Psammoperca","waigiensis",0,2,2,Inf
"2015-09_Mackerel.Islands.shallow_stereoBRUVs","MNCB278","Pomacentridae","Neopomacentrus","azysron",9,7,2,22.2222222222222
"2015-09_Mackerel.Islands.shallow_stereoBRUVs","NCB1434","Haemulidae","Diagramma","pictum",0,2,2,Inf
"2015-09_Mackerel.Islands.shallow_stereoBRUVs","NCB1438","Monacanthidae","Paramonacanthus","choirocephalus",3,1,2,66.6666666666667
"2014-05_Exmouth.to.Dampier.shallow_stereoBRUVs","NCB1","Haemulidae","Diagramma","labiosum",0,1,1,Inf
"2014-05_Exmouth.to.Dampier.shallow_stereoBRUVs","NCB10","Haemulidae","Diagramma","labiosum",0,1,1,Inf
"2014-05_Exmouth.to.Dampier.shallow_stereoBRUVs","NCB101","Haemulidae","Diagramma","labiosum",0,1,1,Inf
"2014-05_Exmouth.to.Dampier.shallow_stereoBRUVs","NCB106","Haemulidae","Diagramma","labiosum",0,1,1,Inf
"2014-05_Exmouth.to.Dampier.shallow_stereoBRUVs","NCB109","Carangidae","Caranx","papuensis",2,1,1,50
"2014-05_Exmouth.to.Dampier.shallow_stereoBRUVs","NCB11","Haemulidae","Diagramma","labiosum",0,1,1,Inf
"2014-05_Exmouth.to.Dampier.shallow_stereoBRUVs","NCB11","Plotosidae","Paraplotosus","butleri",2,1,1,50
"2014-05_Exmouth.to.Dampier.shallow_stereoBRUVs","NCB111","Rhynchobatidae","Rhynchobatus","australiae",0,1,1,Inf
"2014-05_Exmouth.to.Dampier.shallow_stereoBRUVs","NCB117","Chaetodontidae","Chaetodon","lunula",2,1,1,50
"2014-05_Exmouth.to.Dampier.shallow_stereoBRUVs","NCB117","Lutjanidae","Lutjanus","carponotatus",4,3,1,25
"2014-05_Exmouth.to.Dampier.shallow_stereoBRUVs","NCB118","Muraenidae","Gymnothorax","thrysoideus",0,1,1,Inf
"2014-05_Exmouth.to.Dampier.shallow_stereoBRUVs","NCB120","Chaetodontidae","Chaetodon","lunulatus",2,1,1,50
"2014-05_Exmouth.to.Dampier.shallow_stereoBRUVs","NCB120","Muraenidae","Gymnothorax","thrysoideus",0,1,1,Inf
"2014-05_Exmouth.to.Dampier.shallow_stereoBRUVs","NCB120","Nemipteridae","Scolopsis","bilineata",3,2,1,33.3333333333333
"2014-05_Exmouth.to.Dampier.shallow_stereoBRUVs","NCB120","Pomacentridae","Neopomacentrus","azysron",7,6,1,14.2857142857143
"2014-05_Exmouth.to.Dampier.shallow_stereoBRUVs","NCB122","Carangidae","Selaroides","leptolepis",150,149,1,0.666666666666667
"2014-05_Exmouth.to.Dampier.shallow_stereoBRUVs","NCB124","Carangidae","Selaroides","leptolepis",161,160,1,0.62111801242236
"2014-05_Exmouth.to.Dampier.shallow_stereoBRUVs","NCB124","Synodontidae","Trachinocephalus","myops",0,1,1,Inf
"2014-05_Exmouth.to.Dampier.shallow_stereoBRUVs","NCB125","Acanthuridae","Acanthurus","grammoptilus",4,3,1,25
"2014-05_Exmouth.to.Dampier.shallow_stereoBRUVs","NCB125","Haemulidae","Diagramma","labiosum",0,1,1,Inf
"2014-05_Exmouth.to.Dampier.shallow_stereoBRUVs","NCB128","Haemulidae","Diagramma","labiosum",0,1,1,Inf
"2014-05_Exmouth.to.Dampier.shallow_stereoBRUVs","NCB129","Chaetodontidae","Chaetodon","aureofasciatus",3,2,1,33.3333333333333
"2014-05_Exmouth.to.Dampier.shallow_stereoBRUVs","NCB13","Pinguipedidae","Parapercis","nebulosa",1,2,1,100
"2014-05_Exmouth.to.Dampier.shallow_stereoBRUVs","NCB13","Synodontidae","Trachinocephalus","myops",0,1,1,Inf
"2014-05_Exmouth.to.Dampier.shallow_stereoBRUVs","NCB130","Haemulidae","Diagramma","labiosum",0,1,1,Inf
"2014-05_Exmouth.to.Dampier.shallow_stereoBRUVs","NCB131","Acanthuridae","Acanthurus","grammoptilus",7,6,1,14.2857142857143
"2014-05_Exmouth.to.Dampier.shallow_stereoBRUVs","NCB132","Haemulidae","Diagramma","labiosum",0,1,1,Inf
"2014-05_Exmouth.to.Dampier.shallow_stereoBRUVs","NCB134","Haemulidae","Diagramma","labiosum",0,1,1,Inf
"2014-05_Exmouth.to.Dampier.shallow_stereoBRUVs","NCB134","Muraenidae","Gymnothorax","thrysoideus",0,1,1,Inf
"2014-05_Exmouth.to.Dampier.shallow_stereoBRUVs","NCB136","Carangidae","Atule","mate",16,15,1,6.25
"2014-05_Exmouth.to.Dampier.shallow_stereoBRUVs","NCB136","Haemulidae","Diagramma","labiosum",0,1,1,Inf
"2014-05_Exmouth.to.Dampier.shallow_stereoBRUVs","NCB137","Haemulidae","Diagramma","labiosum",0,1,1,Inf
"2014-05_Exmouth.to.Dampier.shallow_stereoBRUVs","NCB140","Monacanthidae","Acreichthys","tomentosus",0,1,1,Inf
"2014-05_Exmouth.to.Dampier.shallow_stereoBRUVs","NCB142","Synodontidae","Trachinocephalus","myops",0,1,1,Inf
"2014-05_Exmouth.to.Dampier.shallow_stereoBRUVs","NCB143","Lethrinidae","Lethrinus","spp",1,2,1,100
"2014-05_Exmouth.to.Dampier.shallow_stereoBRUVs","NCB148","Serranidae","Epinephelus","bilobatus",2,1,1,50
"2014-05_Exmouth.to.Dampier.shallow_stereoBRUVs","NCB149","Lethrinidae","Lethrinus","punctulatus",4,3,1,25
"2014-05_Exmouth.to.Dampier.shallow_stereoBRUVs","NCB151","Balistidae","Sufflamen","chrysopterum",2,1,1,50
"2014-05_Exmouth.to.Dampier.shallow_stereoBRUVs","NCB152","Pomacentridae","Dascyllus","trimaculatus",2,1,1,50
"2014-05_Exmouth.to.Dampier.shallow_stereoBRUVs","NCB153","Pomacentridae","Abudefduf","bengalensis",5,4,1,20
"2014-05_Exmouth.to.Dampier.shallow_stereoBRUVs","NCB155","Pomacentridae","Chromis","fumea",13,12,1,7.69230769230769
"2014-05_Exmouth.to.Dampier.shallow_stereoBRUVs","NCB156","Lutjanidae","Lutjanus","lemniscatus",7,6,1,14.2857142857143
"2014-05_Exmouth.to.Dampier.shallow_stereoBRUVs","NCB157","Carangidae","Carangoides","fulvoguttatus",5,4,1,20
"2014-05_Exmouth.to.Dampier.shallow_stereoBRUVs","NCB157","Serranidae","Plectropomus","spp",2,1,1,50
"2014-05_Exmouth.to.Dampier.shallow_stereoBRUVs","NCB159","Caesionidae","Caesio","teres",1,2,1,100
"2014-05_Exmouth.to.Dampier.shallow_stereoBRUVs","NCB159","Pomacentridae","Pomacentrus","coelestis",39,38,1,2.56410256410256
"2014-05_Exmouth.to.Dampier.shallow_stereoBRUVs","NCB161","Labridae","Cirrhilabrus","spp",0,1,1,Inf
"2014-05_Exmouth.to.Dampier.shallow_stereoBRUVs","NCB162","Serranidae","Epinephelus","bilobatus",5,4,1,20
"2014-05_Exmouth.to.Dampier.shallow_stereoBRUVs","NCB164","Labridae","Coris","caudimacula",13,12,1,7.69230769230769
"2014-05_Exmouth.to.Dampier.shallow_stereoBRUVs","NCB167","Pomacanthidae","Pomacanthus","semicirculatus",2,1,1,50
"2014-05_Exmouth.to.Dampier.shallow_stereoBRUVs","NCB167","Tetraodontidae","Canthigaster","coronata",0,1,1,Inf
"2014-05_Exmouth.to.Dampier.shallow_stereoBRUVs","NCB172","Labridae","Cirrhilabrus","temminckii",4,3,1,25
"2014-05_Exmouth.to.Dampier.shallow_stereoBRUVs","NCB174","Tetraodontidae","Canthigaster","coronata",0,1,1,Inf
"2014-05_Exmouth.to.Dampier.shallow_stereoBRUVs","NCB175","Muraenidae","Gymnothorax","thrysoideus",0,1,1,Inf
"2014-05_Exmouth.to.Dampier.shallow_stereoBRUVs","NCB176","Labridae","Cirrhilabrus","temminckii",6,7,1,16.6666666666667
"2014-05_Exmouth.to.Dampier.shallow_stereoBRUVs","NCB176","Labridae","Oxycheilinus","rhodochrous",0,1,1,Inf
"2014-05_Exmouth.to.Dampier.shallow_stereoBRUVs","NCB177","Labridae","Halichoeres","nebulosus",4,3,1,25
"2014-05_Exmouth.to.Dampier.shallow_stereoBRUVs","NCB181","Chaetodontidae","Chaetodon","lunulatus",2,1,1,50
"2014-05_Exmouth.to.Dampier.shallow_stereoBRUVs","NCB183","Labridae","Oxycheilinus","bimaculatus",1,2,1,100
"2014-05_Exmouth.to.Dampier.shallow_stereoBRUVs","NCB184","Haemulidae","Diagramma","labiosum",0,1,1,Inf
"2014-05_Exmouth.to.Dampier.shallow_stereoBRUVs","NCB186","Tetraodontidae","Canthigaster","coronata",0,1,1,Inf
"2014-05_Exmouth.to.Dampier.shallow_stereoBRUVs","NCB188","Serranidae","Epinephelus","bilobatus",7,6,1,14.2857142857143
"2014-05_Exmouth.to.Dampier.shallow_stereoBRUVs","NCB189","Labridae","Halichoeres","biocellatus",2,1,1,50
"2014-05_Exmouth.to.Dampier.shallow_stereoBRUVs","NCB189","Labridae","Macropharyngodon","negrosensis",0,1,1,Inf
"2014-05_Exmouth.to.Dampier.shallow_stereoBRUVs","NCB189","Nemipteridae","Pentapodus","porosus",2,3,1,50
"2014-05_Exmouth.to.Dampier.shallow_stereoBRUVs","NCB192","Labridae","Cirrhilabrus","temminckii",4,3,1,25
"2014-05_Exmouth.to.Dampier.shallow_stereoBRUVs","NCB193","Chaetodontidae","Heniochus","acuminatus",2,1,1,50
"2014-05_Exmouth.to.Dampier.shallow_stereoBRUVs","NCB193","Pomacentridae","Pomacentrus","coelestis",114,113,1,0.87719298245614
"2014-05_Exmouth.to.Dampier.shallow_stereoBRUVs","NCB196","Labridae","Hologymnosus","annulatus",0,1,1,Inf
"2014-05_Exmouth.to.Dampier.shallow_stereoBRUVs","NCB197","Chaetodontidae","Chaetodon","lunula",2,1,1,50
"2014-05_Exmouth.to.Dampier.shallow_stereoBRUVs","NCB197","Scaridae","Scarus","rivulatus",2,3,1,50
"2014-05_Exmouth.to.Dampier.shallow_stereoBRUVs","NCB198","Apogonidae","Apogon","doederleini",0,1,1,Inf
"2014-05_Exmouth.to.Dampier.shallow_stereoBRUVs","NCB198","Pomacentridae","Neopomacentrus","azysron",2,1,1,50
"2014-05_Exmouth.to.Dampier.shallow_stereoBRUVs","NCB199","Carangidae","Atule","mate",15,14,1,6.66666666666667
"2014-05_Exmouth.to.Dampier.shallow_stereoBRUVs","NCB20","Chaetodontidae","Parachaetodon","ocellatus",3,2,1,33.3333333333333
"2014-05_Exmouth.to.Dampier.shallow_stereoBRUVs","NCB203","Pomacentridae","Pomacentrus","limosus",2,1,1,50
"2014-05_Exmouth.to.Dampier.shallow_stereoBRUVs","NCB205","Synodontidae","Trachinocephalus","myops",0,1,1,Inf
"2014-05_Exmouth.to.Dampier.shallow_stereoBRUVs","NCB207","Labridae","Thalassoma","lutescens",2,1,1,50
"2014-05_Exmouth.to.Dampier.shallow_stereoBRUVs","NCB208","Chaetodontidae","Heniochus","acuminatus",2,1,1,50
"2014-05_Exmouth.to.Dampier.shallow_stereoBRUVs","NCB211","Serranidae","Epinephelus","fasciatus",2,1,1,50
"2014-05_Exmouth.to.Dampier.shallow_stereoBRUVs","NCB214","Scaridae","Scarus","schlegeli",2,3,1,50
"2014-05_Exmouth.to.Dampier.shallow_stereoBRUVs","NCB216","Acanthuridae","Acanthurus","grammoptilus",3,2,1,33.3333333333333
"2014-05_Exmouth.to.Dampier.shallow_stereoBRUVs","NCB216","Pomacentridae","Neopomacentrus","azysron",109,108,1,0.917431192660551
"2014-05_Exmouth.to.Dampier.shallow_stereoBRUVs","NCB219","Haemulidae","Diagramma","labiosum",0,1,1,Inf
"2014-05_Exmouth.to.Dampier.shallow_stereoBRUVs","NCB22","Pomacentridae","Pomacentrus","coelestis",8,7,1,12.5
"2014-05_Exmouth.to.Dampier.shallow_stereoBRUVs","NCB220","Dasyatidae","Himantura","jenkinsii",0,1,1,Inf
"2014-05_Exmouth.to.Dampier.shallow_stereoBRUVs","NCB221","Haemulidae","Diagramma","labiosum",0,1,1,Inf
"2014-05_Exmouth.to.Dampier.shallow_stereoBRUVs","NCB221","Scaridae","Chlorurus","sordidus",1,2,1,100
"2014-05_Exmouth.to.Dampier.shallow_stereoBRUVs","NCB221","Scaridae","Scarus","spp",2,3,1,50
"2014-05_Exmouth.to.Dampier.shallow_stereoBRUVs","NCB222","Labridae","Halichoeres","melanochir",1,2,1,100
"2014-05_Exmouth.to.Dampier.shallow_stereoBRUVs","NCB223","Labridae","Unknown","spp",0,1,1,Inf
"2014-05_Exmouth.to.Dampier.shallow_stereoBRUVs","NCB223","Muraenidae","Gymnothorax","thrysoideus",0,1,1,Inf
"2014-05_Exmouth.to.Dampier.shallow_stereoBRUVs","NCB223","Serranidae","Epinephelus","fasciatus",5,4,1,20
"2014-05_Exmouth.to.Dampier.shallow_stereoBRUVs","NCB226","Haemulidae","Diagramma","labiosum",0,1,1,Inf
"2014-05_Exmouth.to.Dampier.shallow_stereoBRUVs","NCB228","Labridae","Halichoeres","nebulosus",11,10,1,9.09090909090909
"2014-05_Exmouth.to.Dampier.shallow_stereoBRUVs","NCB228","Nemipteridae","Pentapodus","porosus",13,12,1,7.69230769230769
"2014-05_Exmouth.to.Dampier.shallow_stereoBRUVs","NCB228","Scaridae","Scarus","spp",0,1,1,Inf
"2014-05_Exmouth.to.Dampier.shallow_stereoBRUVs","NCB23","Siganidae","Siganus","doliatus",2,1,1,50
"2014-05_Exmouth.to.Dampier.shallow_stereoBRUVs","NCB230","Lethrinidae","Lethrinus","ravus",4,5,1,25
"2014-05_Exmouth.to.Dampier.shallow_stereoBRUVs","NCB230","Pomacentridae","Pomacentrus","coelestis",61,60,1,1.63934426229508
"2014-05_Exmouth.to.Dampier.shallow_stereoBRUVs","NCB24","Muraenidae","Gymnothorax","thrysoideus",0,1,1,Inf
"2014-05_Exmouth.to.Dampier.shallow_stereoBRUVs","NCB242","Dasyatidae","Neotrygon","kuhlii",0,1,1,Inf
"2014-05_Exmouth.to.Dampier.shallow_stereoBRUVs","NCB242","Haemulidae","Diagramma","labiosum",0,1,1,Inf
"2014-05_Exmouth.to.Dampier.shallow_stereoBRUVs","NCB244","Haemulidae","Diagramma","labiosum",0,1,1,Inf
"2014-05_Exmouth.to.Dampier.shallow_stereoBRUVs","NCB246","Nemipteridae","Pentapodus","porosus",8,7,1,12.5
"2014-05_Exmouth.to.Dampier.shallow_stereoBRUVs","NCB252","Dasyatidae","Neotrygon","kuhlii",0,1,1,Inf
"2014-05_Exmouth.to.Dampier.shallow_stereoBRUVs","NCB253","Acanthuridae","Acanthurus","grammoptilus",2,1,1,50
"2014-05_Exmouth.to.Dampier.shallow_stereoBRUVs","NCB254","Dasyatidae","Neotrygon","kuhlii",0,1,1,Inf
"2014-05_Exmouth.to.Dampier.shallow_stereoBRUVs","NCB256","Balistidae","Sufflamen","chrysopterum",2,1,1,50
"2014-05_Exmouth.to.Dampier.shallow_stereoBRUVs","NCB259","Haemulidae","Diagramma","labiosum",0,1,1,Inf
"2014-05_Exmouth.to.Dampier.shallow_stereoBRUVs","NCB260","Labridae","Halichoeres","nebulosus",5,4,1,20
"2014-05_Exmouth.to.Dampier.shallow_stereoBRUVs","NCB261","Chaetodontidae","Chaetodon","kleinii",2,1,1,50
"2014-05_Exmouth.to.Dampier.shallow_stereoBRUVs","NCB265","Caesionidae","Pterocaesio","tile",55,54,1,1.81818181818182
"2014-05_Exmouth.to.Dampier.shallow_stereoBRUVs","NCB266","Haemulidae","Diagramma","labiosum",0,1,1,Inf
"2014-05_Exmouth.to.Dampier.shallow_stereoBRUVs","NCB268","Dasyatidae","Neotrygon","kuhlii",0,1,1,Inf
"2014-05_Exmouth.to.Dampier.shallow_stereoBRUVs","NCB27","Haemulidae","Diagramma","labiosum",0,1,1,Inf
"2014-05_Exmouth.to.Dampier.shallow_stereoBRUVs","NCB30","Haemulidae","Diagramma","labiosum",0,1,1,Inf
"2014-05_Exmouth.to.Dampier.shallow_stereoBRUVs","NCB30","Siganidae","Siganus","punctatus",2,1,1,50
"2014-05_Exmouth.to.Dampier.shallow_stereoBRUVs","NCB32","Haemulidae","Diagramma","labiosum",0,1,1,Inf
"2014-05_Exmouth.to.Dampier.shallow_stereoBRUVs","NCB32","Pomacentridae","Chromis","fumea",34,33,1,2.94117647058824
"2014-05_Exmouth.to.Dampier.shallow_stereoBRUVs","NCB32","Rhynchobatidae","Rhynchobatus","australiae",0,1,1,Inf
"2014-05_Exmouth.to.Dampier.shallow_stereoBRUVs","NCB35","Muraenidae","Gymnothorax","thrysoideus",0,1,1,Inf
"2014-05_Exmouth.to.Dampier.shallow_stereoBRUVs","NCB35","Scaridae","Chlorurus","rhakoura",4,3,1,25
"2014-05_Exmouth.to.Dampier.shallow_stereoBRUVs","NCB35","Scaridae","Scarus","rivulatus",3,2,1,33.3333333333333
"2014-05_Exmouth.to.Dampier.shallow_stereoBRUVs","NCB4","Carangidae","Atule","mate",15,14,1,6.66666666666667
"2014-05_Exmouth.to.Dampier.shallow_stereoBRUVs","NCB41","Pomacentridae","Pomacentrus","milleri",2,1,1,50
"2014-05_Exmouth.to.Dampier.shallow_stereoBRUVs","NCB42","Haemulidae","Diagramma","labiosum",0,1,1,Inf
"2014-05_Exmouth.to.Dampier.shallow_stereoBRUVs","NCB42","Labridae","Anampses","lennardi",7,6,1,14.2857142857143
"2014-05_Exmouth.to.Dampier.shallow_stereoBRUVs","NCB46","Dasyatidae","Neotrygon","kuhlii",0,1,1,Inf
"2014-05_Exmouth.to.Dampier.shallow_stereoBRUVs","NCB47","Haemulidae","Diagramma","labiosum",0,1,1,Inf
"2014-05_Exmouth.to.Dampier.shallow_stereoBRUVs","NCB47","Siganidae","Siganus","doliatus",4,3,1,25
"2014-05_Exmouth.to.Dampier.shallow_stereoBRUVs","NCB48","Haemulidae","Diagramma","labiosum",0,1,1,Inf
"2014-05_Exmouth.to.Dampier.shallow_stereoBRUVs","NCB48","Siganidae","Siganus","fuscescens",7,6,1,14.2857142857143
"2014-05_Exmouth.to.Dampier.shallow_stereoBRUVs","NCB5","Haemulidae","Diagramma","labiosum",0,1,1,Inf
"2014-05_Exmouth.to.Dampier.shallow_stereoBRUVs","NCB52","Labridae","Choerodon","cauteroma",4,3,1,25
"2014-05_Exmouth.to.Dampier.shallow_stereoBRUVs","NCB53","Haemulidae","Diagramma","labiosum",0,1,1,Inf
"2014-05_Exmouth.to.Dampier.shallow_stereoBRUVs","NCB59","Labridae","Anampses","lennardi",2,1,1,50
"2014-05_Exmouth.to.Dampier.shallow_stereoBRUVs","NCB59","Siganidae","Siganus","doliatus",5,4,1,20
"2014-05_Exmouth.to.Dampier.shallow_stereoBRUVs","NCB6","Haemulidae","Diagramma","labiosum",0,1,1,Inf
"2014-05_Exmouth.to.Dampier.shallow_stereoBRUVs","NCB61","Labridae","Anampses","lennardi",3,2,1,33.3333333333333
"2014-05_Exmouth.to.Dampier.shallow_stereoBRUVs","NCB64","Dasyatidae","Neotrygon","kuhlii",0,1,1,Inf
"2014-05_Exmouth.to.Dampier.shallow_stereoBRUVs","NCB64","Muraenidae","Gymnothorax","thrysoideus",0,1,1,Inf
"2014-05_Exmouth.to.Dampier.shallow_stereoBRUVs","NCB65","Grammistidae","Diploprion","bifasciatum",2,1,1,50
"2014-05_Exmouth.to.Dampier.shallow_stereoBRUVs","NCB69","Muraenidae","Gymnothorax","thrysoideus",0,1,1,Inf
"2014-05_Exmouth.to.Dampier.shallow_stereoBRUVs","NCB70","Grammistidae","Diploprion","bifasciatum",3,2,1,33.3333333333333
"2014-05_Exmouth.to.Dampier.shallow_stereoBRUVs","NCB71","Haemulidae","Diagramma","labiosum",0,1,1,Inf
"2014-05_Exmouth.to.Dampier.shallow_stereoBRUVs","NCB74","Haemulidae","Diagramma","labiosum",0,1,1,Inf
"2014-05_Exmouth.to.Dampier.shallow_stereoBRUVs","NCB75","Haemulidae","Diagramma","labiosum",0,1,1,Inf
"2014-05_Exmouth.to.Dampier.shallow_stereoBRUVs","NCB76","Rhynchobatidae","Rhynchobatus","australiae",0,1,1,Inf
"2014-05_Exmouth.to.Dampier.shallow_stereoBRUVs","NCB78","Dasyatidae","Neotrygon","kuhlii",0,1,1,Inf
"2014-05_Exmouth.to.Dampier.shallow_stereoBRUVs","NCB78","Haemulidae","Diagramma","labiosum",0,1,1,Inf
"2014-05_Exmouth.to.Dampier.shallow_stereoBRUVs","NCB81","Dasyatidae","Neotrygon","kuhlii",0,1,1,Inf
"2014-05_Exmouth.to.Dampier.shallow_stereoBRUVs","NCB81","Haemulidae","Diagramma","labiosum",0,1,1,Inf
"2014-05_Exmouth.to.Dampier.shallow_stereoBRUVs","NCB84","Labridae","Choerodon","cyanodus",2,1,1,50
"2014-05_Exmouth.to.Dampier.shallow_stereoBRUVs","NCB89","Nemipteridae","Pentapodus","porosus",21,20,1,4.76190476190476
"2014-05_Exmouth.to.Dampier.shallow_stereoBRUVs","NCB89","Scombridae","Scomberomorus","spp",2,1,1,50
"2014-05_Exmouth.to.Dampier.shallow_stereoBRUVs","NCB90","Synodontidae","Trachinocephalus","myops",0,1,1,Inf
"2014-05_Exmouth.to.Dampier.shallow_stereoBRUVs","NCB91","Synodontidae","Trachinocephalus","myops",0,1,1,Inf
"2014-05_Exmouth.to.Dampier.shallow_stereoBRUVs","NCB93","Synodontidae","Trachinocephalus","myops",0,1,1,Inf
"2014-05_Exmouth.to.Dampier.shallow_stereoBRUVs","NCB94","Rhynchobatidae","Rhynchobatus","australiae",0,1,1,Inf
"2014-05_Exmouth.to.Dampier.shallow_stereoBRUVs","NCB95","Haemulidae","Diagramma","labiosum",0,1,1,Inf
"2014-05_Exmouth.to.Dampier.shallow_stereoBRUVs","NCB96","Haemulidae","Diagramma","labiosum",0,1,1,Inf
"2014-05_Exmouth.to.Dampier.shallow_stereoBRUVs","NCB98","Labridae","Halichoeres","nebulosus",5,4,1,20
"2014-05_Exmouth.to.Dampier.shallow_stereoBRUVs","NCB99","Haemulidae","Diagramma","labiosum",0,1,1,Inf
"2014-05_Exmouth.to.Dampier.shallow_stereoBRUVs","NCB99","Lethrinidae","Lethrinus","olivaceus",1,2,1,100
"2014-10_Exmouth.to.Dampier.deep_stereoBRUVs","NCB385","Haemulidae","Diagramma","pictum",0,1,1,Inf
"2014-10_Exmouth.to.Dampier.deep_stereoBRUVs","NCB386","Dasyatidae","Himantura","fai",0,1,1,Inf
"2014-10_Exmouth.to.Dampier.deep_stereoBRUVs","NCB386","Dasyatidae","Himantura","granulata",0,1,1,Inf
"2014-10_Exmouth.to.Dampier.deep_stereoBRUVs","NCB387","Haemulidae","Diagramma","pictum",0,1,1,Inf
"2014-10_Exmouth.to.Dampier.deep_stereoBRUVs","NCB392","Pomacentridae","Amblypomacentrus","breviceps",3,2,1,33.3333333333333
"2014-10_Exmouth.to.Dampier.deep_stereoBRUVs","NCB394","Balistidae","Abalistes","stellatus",2,1,1,50
"2014-10_Exmouth.to.Dampier.deep_stereoBRUVs","NCB397","Labridae","Oxycheilinus","rhodochrous",0,1,1,Inf
"2014-10_Exmouth.to.Dampier.deep_stereoBRUVs","NCB399","Priacanthidae","Priacamthus","hamrur",0,1,1,Inf
"2014-10_Exmouth.to.Dampier.deep_stereoBRUVs","NCB403","Haemulidae","Diagramma","pictum",0,1,1,Inf
"2014-10_Exmouth.to.Dampier.deep_stereoBRUVs","NCB403","Hydrophiidae","Aipysurus","tenuis",0,1,1,Inf
"2014-10_Exmouth.to.Dampier.deep_stereoBRUVs","NCB404","Balistidae","Abalistes","stellatus",1,2,1,100
"2014-10_Exmouth.to.Dampier.deep_stereoBRUVs","NCB411","Rhynchobatidae","Rhynchobatus","australiae",0,1,1,Inf
"2014-10_Exmouth.to.Dampier.deep_stereoBRUVs","NCB413","Hydrophiidae","Aipysurus","tenuis",0,1,1,Inf
"2014-10_Exmouth.to.Dampier.deep_stereoBRUVs","NCB413","Labridae","Oxycheilinus","rhodochrous",0,1,1,Inf
"2014-10_Exmouth.to.Dampier.deep_stereoBRUVs","NCB417","Hydrophiidae","Aipysurus","tenuis",0,1,1,Inf
"2014-10_Exmouth.to.Dampier.deep_stereoBRUVs","NCB418","Haemulidae","Diagramma","pictum",0,1,1,Inf
"2014-10_Exmouth.to.Dampier.deep_stereoBRUVs","NCB420","Hydrophiidae","Aipysurus","tenuis",0,1,1,Inf
"2014-10_Exmouth.to.Dampier.deep_stereoBRUVs","NCB422","Carangidae","Carangoides","caeruleopinnatus",2,1,1,50
"2014-10_Exmouth.to.Dampier.deep_stereoBRUVs","NCB422","Haemulidae","Diagramma","pictum",0,1,1,Inf
"2014-10_Exmouth.to.Dampier.deep_stereoBRUVs","NCB422","Rhynchobatidae","Rhynchobatus","australiae",0,1,1,Inf
"2014-10_Exmouth.to.Dampier.deep_stereoBRUVs","NCB425","Haemulidae","Diagramma","pictum",0,1,1,Inf
"2014-10_Exmouth.to.Dampier.deep_stereoBRUVs","NCB426","Carangidae","Carangoides","chrysophrys",2,1,1,50
"2014-10_Exmouth.to.Dampier.deep_stereoBRUVs","NCB426","Rhynchobatidae","Rhynchobatus","australiae",0,1,1,Inf
"2014-10_Exmouth.to.Dampier.deep_stereoBRUVs","NCB427","Haemulidae","Diagramma","pictum",0,1,1,Inf
"2014-10_Exmouth.to.Dampier.deep_stereoBRUVs","NCB437","Hydrophiidae","Astrotia","stokesii",0,1,1,Inf
"2014-10_Exmouth.to.Dampier.deep_stereoBRUVs","NCB438","Hydrophiidae","Aipysurus","tenuis",0,1,1,Inf
"2014-10_Exmouth.to.Dampier.deep_stereoBRUVs","NCB439","Hydrophiidae","Aipysurus","tenuis",0,1,1,Inf
"2014-10_Exmouth.to.Dampier.deep_stereoBRUVs","NCB447","Dasyatidae","Neotrygon","kuhlii",0,1,1,Inf
"2014-10_Exmouth.to.Dampier.deep_stereoBRUVs","NCB448","Haemulidae","Plectorhinchus","unicolor",0,1,1,Inf
"2014-10_Exmouth.to.Dampier.deep_stereoBRUVs","NCB449","Hydrophiidae","Aipysurus","tenuis",0,1,1,Inf
"2014-10_Exmouth.to.Dampier.deep_stereoBRUVs","NCB451","Hydrophiidae","Aipysurus","tenuis",0,1,1,Inf
"2014-10_Exmouth.to.Dampier.deep_stereoBRUVs","NCB451","Lethrinidae","Lethrinus","ravus",2,1,1,50
"2014-10_Exmouth.to.Dampier.deep_stereoBRUVs","NCB454","Malacanthidae","Malacanthus","brevirostris",2,1,1,50
"2014-10_Exmouth.to.Dampier.deep_stereoBRUVs","NCB455","Balistidae","Xanthichthys","lineopunctatus",3,2,1,33.3333333333333
"2014-10_Exmouth.to.Dampier.deep_stereoBRUVs","NCB455","Haemulidae","Plectorhinchus","unicolor",0,1,1,Inf
"2014-10_Exmouth.to.Dampier.deep_stereoBRUVs","NCB455","Serranidae","Pseudanthias","rubrizonatus",4,3,1,25
"2014-10_Exmouth.to.Dampier.deep_stereoBRUVs","NCB458","Dasyatidae","Neotrygon","kuhlii",0,1,1,Inf
"2014-10_Exmouth.to.Dampier.deep_stereoBRUVs","NCB459","Haemulidae","Diagramma","pictum",0,1,1,Inf
"2014-10_Exmouth.to.Dampier.deep_stereoBRUVs","NCB459","Hydrophiidae","Aipysurus","fuscus",0,1,1,Inf
"2014-10_Exmouth.to.Dampier.deep_stereoBRUVs","NCB459","Hydrophiidae","Aipysurus","tenuis",0,1,1,Inf
"2014-10_Exmouth.to.Dampier.deep_stereoBRUVs","NCB459","Serranidae","Epinephelus","bilobatus",5,4,1,20
"2014-10_Exmouth.to.Dampier.deep_stereoBRUVs","NCB463","Apogonidae","Ostorhinchus","fasciatus",2,1,1,50
"2014-10_Exmouth.to.Dampier.deep_stereoBRUVs","NCB463","Apogonidae","Ostorhinchus","spp",1,2,1,100
"2014-10_Exmouth.to.Dampier.deep_stereoBRUVs","NCB463","Hydrophiidae","Aipysurus","tenuis",0,1,1,Inf
"2014-10_Exmouth.to.Dampier.deep_stereoBRUVs","NCB463","Labridae","Oxycheilinus","rhodochrous",0,1,1,Inf
"2014-10_Exmouth.to.Dampier.deep_stereoBRUVs","NCB464","Chaetodontidae","Heniochus","acuminatus",2,1,1,50
"2014-10_Exmouth.to.Dampier.deep_stereoBRUVs","NCB465","Lethrinidae","Lethrinus","olivaceus",2,1,1,50
"2014-10_Exmouth.to.Dampier.deep_stereoBRUVs","NCB466","Haemulidae","Diagramma","pictum",0,1,1,Inf
"2014-10_Exmouth.to.Dampier.deep_stereoBRUVs","NCB467","Lethrinidae","Lethrinus","ravus",2,1,1,50
"2014-10_Exmouth.to.Dampier.deep_stereoBRUVs","NCB468","Hydrophiidae","Aipysurus","laevis",0,1,1,Inf
"2014-10_Exmouth.to.Dampier.deep_stereoBRUVs","NCB468","Labridae","Oxycheilinus","rhodochrous",0,1,1,Inf
"2014-10_Exmouth.to.Dampier.deep_stereoBRUVs","NCB468","Lethrinidae","Lethrinus","ravus",4,3,1,25
"2014-10_Exmouth.to.Dampier.deep_stereoBRUVs","NCB472","Lethrinidae","Lethrinus","ravus",2,1,1,50
"2014-10_Exmouth.to.Dampier.deep_stereoBRUVs","NCB473","Hydrophiidae","Aipysurus","laevis",0,1,1,Inf
"2014-10_Exmouth.to.Dampier.deep_stereoBRUVs","NCB478","Haemulidae","Diagramma","pictum",0,1,1,Inf
"2014-10_Exmouth.to.Dampier.deep_stereoBRUVs","NCB478","Hydrophiidae","Aipysurus","laevis",0,1,1,Inf
"2014-10_Exmouth.to.Dampier.deep_stereoBRUVs","NCB480","Lethrinidae","Lethrinus","ravus",3,2,1,33.3333333333333
"2014-10_Exmouth.to.Dampier.deep_stereoBRUVs","NCB482","Labridae","Bodianus","perditio",2,1,1,50
"2014-10_Exmouth.to.Dampier.deep_stereoBRUVs","NCB482","Labridae","Oxycheilinus","rhodochrous",0,1,1,Inf
"2014-10_Exmouth.to.Dampier.deep_stereoBRUVs","NCB483","Labridae","Cirrhilabrus","temminckii",2,1,1,50
"2014-10_Exmouth.to.Dampier.deep_stereoBRUVs","NCB483","Labridae","Oxycheilinus","rhodochrous",0,1,1,Inf
"2014-10_Exmouth.to.Dampier.deep_stereoBRUVs","NCB486","Tetraodontidae","Lagocephalus","lunaris",2,1,1,50
"2014-10_Exmouth.to.Dampier.deep_stereoBRUVs","NCB487","Dasyatidae","Himantura","fai",0,1,1,Inf
"2014-10_Exmouth.to.Dampier.deep_stereoBRUVs","NCB487","Tetraodontidae","Lagocephalus","sceleratus",6,7,1,16.6666666666667
"2014-10_Exmouth.to.Dampier.deep_stereoBRUVs","NCB490","Dasyatidae","Himantura","jenkinsii",0,1,1,Inf
"2014-10_Exmouth.to.Dampier.deep_stereoBRUVs","NCB490","Rhynchobatidae","Rhynchobatus","australiae",0,1,1,Inf
"2014-10_Exmouth.to.Dampier.deep_stereoBRUVs","NCB494","Carangidae","Carangoides","chrysophrys",6,5,1,16.6666666666667
"2014-10_Exmouth.to.Dampier.deep_stereoBRUVs","NCB494","Haemulidae","Diagramma","pictum",0,1,1,Inf
"2014-10_Exmouth.to.Dampier.deep_stereoBRUVs","NCB494","Hydrophiidae","Aipysurus","tenuis",0,1,1,Inf
"2014-10_Exmouth.to.Dampier.deep_stereoBRUVs","NCB497","Hydrophiidae","Aipysurus","laevis",0,1,1,Inf
"2014-10_Exmouth.to.Dampier.deep_stereoBRUVs","NCB498","Hydrophiidae","Aipysurus","laevis",0,1,1,Inf
"2014-10_Exmouth.to.Dampier.deep_stereoBRUVs","NCB501","Carangidae","Carangoides","caeruleopinnatus",31,30,1,3.2258064516129
"2014-10_Exmouth.to.Dampier.deep_stereoBRUVs","NCB502","Haemulidae","Diagramma","pictum",0,1,1,Inf
"2014-10_Exmouth.to.Dampier.deep_stereoBRUVs","NCB503","Haemulidae","Diagramma","pictum",0,1,1,Inf
"2014-10_Exmouth.to.Dampier.deep_stereoBRUVs","NCB504","Hydrophiidae","Aipysurus","laevis",0,1,1,Inf
"2014-10_Exmouth.to.Dampier.deep_stereoBRUVs","NCB505","Hydrophiidae","Aipysurus","laevis",0,1,1,Inf
"2014-10_Exmouth.to.Dampier.deep_stereoBRUVs","NCB512","Dasyatidae","Neotrygon","kuhlii",0,1,1,Inf
"2014-10_Exmouth.to.Dampier.deep_stereoBRUVs","NCB517","Rhynchobatidae","Rhynchobatus","australiae",0,1,1,Inf
"2014-10_Exmouth.to.Dampier.deep_stereoBRUVs","NCB519","Acanthuridae","Naso","lopezi",2,1,1,50
"2014-10_Exmouth.to.Dampier.deep_stereoBRUVs","NCB519","Dasyatidae","Neotrygon","kuhlii",0,1,1,Inf
"2014-10_Montebello.sanctuaries_stereoBRUVs","NCB522","Rhynchobatidae","Rhynchobatus","australiae",0,1,1,Inf
"2014-10_Montebello.sanctuaries_stereoBRUVs","NCB524","Dasyatidae","Himantura","fai",0,1,1,Inf
"2014-10_Montebello.sanctuaries_stereoBRUVs","NCB526","Lethrinidae","Lethrinus","atkinsoni",2,1,1,50
"2014-10_Montebello.sanctuaries_stereoBRUVs","NCB533","Rhynchobatidae","Rhynchobatus","australiae",0,1,1,Inf
"2014-10_Montebello.sanctuaries_stereoBRUVs","NCB534","Haemulidae","Diagramma","labiosum",0,1,1,Inf
"2014-10_Montebello.sanctuaries_stereoBRUVs","NCB546","Haemulidae","Diagramma","labiosum",0,1,1,Inf
"2014-10_Montebello.sanctuaries_stereoBRUVs","NCB547","Dasyatidae","Neotrygon","kuhlii",0,1,1,Inf
"2014-10_Montebello.sanctuaries_stereoBRUVs","NCB555","Serranidae","Epinephelus","fasciatus",2,3,1,50
"2014-10_Montebello.sanctuaries_stereoBRUVs","NCB557","Dasyatidae","Taeniura","meyeni",0,1,1,Inf
"2014-10_Montebello.sanctuaries_stereoBRUVs","NCB557","Labridae","Hemigymnus","fasciatus",2,1,1,50
"2014-10_Montebello.sanctuaries_stereoBRUVs","NCB558","Dasyatidae","Neotrygon","kuhlii",0,1,1,Inf
"2014-10_Montebello.sanctuaries_stereoBRUVs","NCB560","Dasyatidae","Neotrygon","kuhlii",0,1,1,Inf
"2014-10_Montebello.sanctuaries_stereoBRUVs","NCB561","Dasyatidae","Neotrygon","kuhlii",0,1,1,Inf
"2014-10_Montebello.sanctuaries_stereoBRUVs","NCB566","Siganidae","Siganus","trispilos",2,1,1,50
"2014-10_Montebello.sanctuaries_stereoBRUVs","NCB568","Acanthuridae","Naso","unicornis",2,1,1,50
"2014-10_Montebello.sanctuaries_stereoBRUVs","NCB570","Blenniidae","Ecsenius","lineatus",2,1,1,50
"2014-10_Montebello.sanctuaries_stereoBRUVs","NCB570","Pomacentridae","Dascyllus","reticulatus",8,7,1,12.5
"2014-10_Montebello.sanctuaries_stereoBRUVs","NCB572","Acanthuridae","Acanthurus","grammoptilus",43,42,1,2.32558139534884
"2014-10_Montebello.sanctuaries_stereoBRUVs","NCB575","Dasyatidae","Neotrygon","kuhlii",0,1,1,Inf
"2014-10_Montebello.sanctuaries_stereoBRUVs","NCB582","Dasyatidae","Himantura","jenkinsii",0,1,1,Inf
"2014-10_Montebello.sanctuaries_stereoBRUVs","NCB582","Rhynchobatidae","Rhynchobatus","australiae",0,1,1,Inf
"2014-10_Montebello.sanctuaries_stereoBRUVs","NCB584","Dasyatidae","Himantura","jenkinsii",0,1,1,Inf
"2014-10_Montebello.sanctuaries_stereoBRUVs","NCB584","Haemulidae","Diagramma","labiosum",0,1,1,Inf
"2014-10_Montebello.sanctuaries_stereoBRUVs","NCB586","Dasyatidae","Neotrygon","kuhlii",0,1,1,Inf
"2014-10_Montebello.sanctuaries_stereoBRUVs","NCB591","Latidae","Psammoperca","waigiensis",0,1,1,Inf
"2014-10_Montebello.sanctuaries_stereoBRUVs","NCB593","Scaridae","Chlorurus","rhakoura",2,1,1,50
"2014-10_Montebello.sanctuaries_stereoBRUVs","NCB596","Serranidae","Epinephelus","bilobatus",2,1,1,50
"2014-10_Montebello.sanctuaries_stereoBRUVs","NCB597","Chaetodontidae","Chaetodon","lunula",2,1,1,50
"2014-10_Montebello.sanctuaries_stereoBRUVs","NCB597","Dasyatidae","Neotrygon","kuhlii",0,1,1,Inf
"2014-10_Montebello.sanctuaries_stereoBRUVs","NCB597","Lutjanidae","Lutjanus","carponotatus",3,2,1,33.3333333333333
"2014-10_Montebello.sanctuaries_stereoBRUVs","NCB598","Muraenidae","Gymnothorax","thrysoideus",0,1,1,Inf
"2014-10_Ningaloo.shallow.sanctuaries_stereoBRUVs","NCB274","Dasyatidae","Neotrygon","kuhlii",0,1,1,Inf
"2014-10_Ningaloo.shallow.sanctuaries_stereoBRUVs","NCB275","Dasyatidae","Neotrygon","kuhlii",0,1,1,Inf
"2014-10_Ningaloo.shallow.sanctuaries_stereoBRUVs","NCB275","Rhynchobatidae","Rhynchobatus","australiae",0,1,1,Inf
"2014-10_Ningaloo.shallow.sanctuaries_stereoBRUVs","NCB277","Pomacentridae","Stegastes","obreptus",3,2,1,33.3333333333333
"2014-10_Ningaloo.shallow.sanctuaries_stereoBRUVs","NCB279","Acanthuridae","Acanthurus","pyroferus",2,3,1,50
"2014-10_Ningaloo.shallow.sanctuaries_stereoBRUVs","NCB284","Monocanthidae","Cantherhines","dumerilii",0,1,1,Inf
"2014-10_Ningaloo.shallow.sanctuaries_stereoBRUVs","NCB289","Siganidae","Siganus","trispilos",2,1,1,50
"2014-10_Ningaloo.shallow.sanctuaries_stereoBRUVs","NCB292","Siganidae","Siganus","trispilos",2,1,1,50
"2014-10_Ningaloo.shallow.sanctuaries_stereoBRUVs","NCB295","Acanthuridae","Acanthurus","olivaceus",11,12,1,9.09090909090909
"2014-10_Ningaloo.shallow.sanctuaries_stereoBRUVs","NCB295","Acanthuridae","Ctenochaetus","striatus",19,18,1,5.26315789473684
"2014-10_Ningaloo.shallow.sanctuaries_stereoBRUVs","NCB298","Pomacentridae","Chromis","weberi",11,10,1,9.09090909090909
"2014-10_Ningaloo.shallow.sanctuaries_stereoBRUVs","NCB299","Monacanthidae","Cantherhines","pardalis",3,2,1,33.3333333333333
"2014-10_Ningaloo.shallow.sanctuaries_stereoBRUVs","NCB299","Muraenidae","Gymnothorax","thrysoideus",0,1,1,Inf
"2014-10_Ningaloo.shallow.sanctuaries_stereoBRUVs","NCB300","Labridae","Halichoeres","nebulosus",10,9,1,10
"2014-10_Ningaloo.shallow.sanctuaries_stereoBRUVs","NCB301","Chaetodontidae","Chaetodon","plebeius",3,2,1,33.3333333333333
"2014-10_Ningaloo.shallow.sanctuaries_stereoBRUVs","NCB301","Pomacentridae","Chromis","weberi",54,53,1,1.85185185185185
"2014-10_Ningaloo.shallow.sanctuaries_stereoBRUVs","NCB302","Acanthuridae","Acanthurus","triostegus",10,9,1,10
"2014-10_Ningaloo.shallow.sanctuaries_stereoBRUVs","NCB304","Chaetodontidae","Chaetodon","unimaculatus",2,1,1,50
"2014-10_Ningaloo.shallow.sanctuaries_stereoBRUVs","NCB304","Labridae","Anampses","melanurus",2,1,1,50
"2014-10_Ningaloo.shallow.sanctuaries_stereoBRUVs","NCB304","Labridae","Hemigymnus","melapterus",3,2,1,33.3333333333333
"2014-10_Ningaloo.shallow.sanctuaries_stereoBRUVs","NCB304","Lutjanidae","Lutjanus","bohar",2,3,1,50
"2014-10_Ningaloo.shallow.sanctuaries_stereoBRUVs","NCB304","Pomacentridae","Stegastes","obreptus",3,2,1,33.3333333333333
"2014-10_Ningaloo.shallow.sanctuaries_stereoBRUVs","NCB307","Caesionidae","Pterocaesio","digramma",29,28,1,3.44827586206897
"2014-10_Ningaloo.shallow.sanctuaries_stereoBRUVs","NCB308","Haemulidae","Plectorhinchus","unicolor",0,1,1,Inf
"2014-10_Ningaloo.shallow.sanctuaries_stereoBRUVs","NCB308","Muraenidae","Gymnothorax","rueppellii",0,1,1,Inf
"2014-10_Ningaloo.shallow.sanctuaries_stereoBRUVs","NCB310","Kyphosidae","Kyphosus","vaigiensis",8,7,1,12.5
"2014-10_Ningaloo.shallow.sanctuaries_stereoBRUVs","NCB311","Acanthuridae","Acanthurus","triostegus",157,156,1,0.636942675159236
"2014-10_Ningaloo.shallow.sanctuaries_stereoBRUVs","NCB311","Acanthuridae","Naso","unicornis",83,82,1,1.20481927710843
"2014-10_Ningaloo.shallow.sanctuaries_stereoBRUVs","NCB311","Chaetodontidae","Chaetodon","lunula",3,2,1,33.3333333333333
"2014-10_Ningaloo.shallow.sanctuaries_stereoBRUVs","NCB312","Labridae","Bodianus","axillaris",2,1,1,50
"2014-10_Ningaloo.shallow.sanctuaries_stereoBRUVs","NCB315","Chaetodontidae","Chaetodon","lunula",2,1,1,50
"2014-10_Ningaloo.shallow.sanctuaries_stereoBRUVs","NCB315","Pomacentridae","Abudefduf","vaigiensis",7,6,1,14.2857142857143
"2014-10_Ningaloo.shallow.sanctuaries_stereoBRUVs","NCB316","Caesionidae","Pterocaesio","digramma",36,35,1,2.77777777777778
"2014-10_Ningaloo.shallow.sanctuaries_stereoBRUVs","NCB316","Lethrinidae","Lethrinus","nebulosus",3,2,1,33.3333333333333
"2014-10_Ningaloo.shallow.sanctuaries_stereoBRUVs","NCB316","Pomacentridae","Abudefduf","vaigiensis",4,3,1,25
"2014-10_Ningaloo.shallow.sanctuaries_stereoBRUVs","NCB316","Pomacentridae","Dascyllus","trimaculatus",4,3,1,25
"2014-10_Ningaloo.shallow.sanctuaries_stereoBRUVs","NCB325","Labridae","Thalassoma","amblycephalum",12,11,1,8.33333333333333
"2014-10_Ningaloo.shallow.sanctuaries_stereoBRUVs","NCB325","Lutjanidae","Lutjanus","bohar",1,2,1,100
"2014-10_Ningaloo.shallow.sanctuaries_stereoBRUVs","NCB325","Pomacanthidae","Pomacanthus","semicirculatus",3,2,1,33.3333333333333
"2014-10_Ningaloo.shallow.sanctuaries_stereoBRUVs","NCB326","Labridae","Coris","caudimacula",4,3,1,25
"2014-10_Ningaloo.shallow.sanctuaries_stereoBRUVs","NCB329","Labridae","Bodianus","bilunulatus",3,2,1,33.3333333333333
"2014-10_Ningaloo.shallow.sanctuaries_stereoBRUVs","NCB330","Grammistidae","Grammistes","sexlineatus",0,1,1,Inf
"2014-10_Ningaloo.shallow.sanctuaries_stereoBRUVs","NCB330","Labridae","Anampses","melanurus",2,1,1,50
"2014-10_Ningaloo.shallow.sanctuaries_stereoBRUVs","NCB330","Muraenidae","Gymnothorax","thrysoideus",0,1,1,Inf
"2014-10_Ningaloo.shallow.sanctuaries_stereoBRUVs","NCB331","Labridae","Anampses","melanurus",4,3,1,25
"2014-10_Ningaloo.shallow.sanctuaries_stereoBRUVs","NCB331","Labridae","Coris","aygula",1,2,1,100
"2014-10_Ningaloo.shallow.sanctuaries_stereoBRUVs","NCB331","Pomacentridae","Stegastes","obreptus",2,1,1,50
"2014-10_Ningaloo.shallow.sanctuaries_stereoBRUVs","NCB332","Labridae","Coris","aygula",1,2,1,100
"2014-10_Ningaloo.shallow.sanctuaries_stereoBRUVs","NCB332","Pomacanthidae","Pomacanthus","semicirculatus",2,1,1,50
"2014-10_Ningaloo.shallow.sanctuaries_stereoBRUVs","NCB334","Pomacentridae","Dascyllus","trimaculatus",5,4,1,20
"2014-10_Ningaloo.shallow.sanctuaries_stereoBRUVs","NCB337","Dasyatidae","Neotrygon","kuhlii",0,1,1,Inf
"2014-10_Ningaloo.shallow.sanctuaries_stereoBRUVs","NCB337","Scaridae","Scarus","chameleon",3,2,1,33.3333333333333
"2014-10_Ningaloo.shallow.sanctuaries_stereoBRUVs","NCB339","Acanthuridae","Acanthurus","grammoptilus",6,5,1,16.6666666666667
"2014-10_Ningaloo.shallow.sanctuaries_stereoBRUVs","NCB339","Labridae","Halichoeres","marginatus",0,1,1,Inf
"2014-10_Ningaloo.shallow.sanctuaries_stereoBRUVs","NCB341","Acanthuridae","Acanthurus","olivaceus",4,3,1,25
"2014-10_Ningaloo.shallow.sanctuaries_stereoBRUVs","NCB341","Chaetodontidae","Chaetodon","auriga",2,1,1,50
"2014-10_Ningaloo.shallow.sanctuaries_stereoBRUVs","NCB341","Serranidae","Epinephelus","bilobatus",2,1,1,50
"2014-10_Ningaloo.shallow.sanctuaries_stereoBRUVs","NCB345","Pomacentridae","Dascyllus","trimaculatus",2,1,1,50
"2014-10_Ningaloo.shallow.sanctuaries_stereoBRUVs","NCB345","Pomacentridae","Pomacentrus","coelestis",26,25,1,3.84615384615385
"2014-10_Ningaloo.shallow.sanctuaries_stereoBRUVs","NCB346","Labridae","Thalassoma","lutescens",3,2,1,33.3333333333333
"2014-10_Ningaloo.shallow.sanctuaries_stereoBRUVs","NCB349","Pomacentridae","Pomacentrus","coelestis",12,11,1,8.33333333333333
"2014-10_Ningaloo.shallow.sanctuaries_stereoBRUVs","NCB350","Haemulidae","Diagramma","labiosum",0,1,1,Inf
"2014-10_Ningaloo.shallow.sanctuaries_stereoBRUVs","NCB352","Lethrinidae","Lethrinus","variegatus",4,3,1,25
"2014-10_Ningaloo.shallow.sanctuaries_stereoBRUVs","NCB352","Rhynchobatidae","Rhynchobatus","australiae",0,1,1,Inf
"2014-10_Ningaloo.shallow.sanctuaries_stereoBRUVs","NCB358","Acanthuridae","Acanthurus","olivaceus",4,3,1,25
"2014-10_Ningaloo.shallow.sanctuaries_stereoBRUVs","NCB358","Caesionidae","Pterocaesio","tile",39,38,1,2.56410256410256
"2014-10_Ningaloo.shallow.sanctuaries_stereoBRUVs","NCB360","Caesionidae","Pterocaesio","digramma",15,14,1,6.66666666666667
"2014-10_Ningaloo.shallow.sanctuaries_stereoBRUVs","NCB361","Caesionidae","Pterocaesio","tile",160,159,1,0.625
"2014-10_Ningaloo.shallow.sanctuaries_stereoBRUVs","NCB362","Lethrinidae","Lethrinus","nebulosus",9,8,1,11.1111111111111
"2014-10_Ningaloo.shallow.sanctuaries_stereoBRUVs","NCB362","Scaridae","Chlorurus","microrhinos",2,1,1,50
"2014-10_Ningaloo.shallow.sanctuaries_stereoBRUVs","NCB364","Caesionidae","Pterocaesio","digramma",59,58,1,1.69491525423729
"2014-10_Ningaloo.shallow.sanctuaries_stereoBRUVs","NCB364","Siganidae","Siganus","trispilos",2,1,1,50
"2014-10_Ningaloo.shallow.sanctuaries_stereoBRUVs","NCB368","Acanthuridae","Naso","hexacanthus",2,1,1,50
"2014-10_Ningaloo.shallow.sanctuaries_stereoBRUVs","NCB368","Lethrinidae","Lethrinus","nebulosus",21,20,1,4.76190476190476
"2014-10_Ningaloo.shallow.sanctuaries_stereoBRUVs","NCB371","Caesionidae","Pterocaesio","digramma",48,47,1,2.08333333333333
"2014-10_Ningaloo.shallow.sanctuaries_stereoBRUVs","NCB372","Acanthuridae","Ctenochaetus","striatus",7,6,1,14.2857142857143
"2014-10_Ningaloo.shallow.sanctuaries_stereoBRUVs","NCB372","Chaetodontidae","Heniochus","monoceros",2,1,1,50
"2014-10_Ningaloo.shallow.sanctuaries_stereoBRUVs","NCB372","Siganidae","Siganus","trispilos",2,1,1,50
"2014-10_Ningaloo.shallow.sanctuaries_stereoBRUVs","NCB373","Kyphosidae","Kyphosus","vaigiensis",6,5,1,16.6666666666667
"2014-10_Ningaloo.shallow.sanctuaries_stereoBRUVs","NCB373","Siganidae","Siganus","argenteus",10,9,1,10
"2014-10_Ningaloo.shallow.sanctuaries_stereoBRUVs","NCB374","Carangidae","Trachinotus","blochii",43,42,1,2.32558139534884
"2014-10_Ningaloo.shallow.sanctuaries_stereoBRUVs","NCB374","Muraenidae","Gymnothorax","thrysoideus",0,1,1,Inf
"2014-10_Ningaloo.shallow.sanctuaries_stereoBRUVs","NCB376","Labridae","Halichoeres","hortulanus",2,1,1,50
"2014-10_Ningaloo.shallow.sanctuaries_stereoBRUVs","NCB376","Siganidae","Siganus","trispilos",2,1,1,50
"2014-10_Ningaloo.shallow.sanctuaries_stereoBRUVs","NCB382","Pomacentridae","Dascyllus","trimaculatus",2,1,1,50
"2015-01_Montebello.transect_stereoBRUVs","NCB607","Pomacentridae","Pristotis","obtusirostris",45,46,1,2.22222222222222
"2015-01_Montebello.transect_stereoBRUVs","NCB609","Rhynchobatidae","Rhynchobatus","australiae",0,1,1,Inf
"2015-01_Montebello.transect_stereoBRUVs","NCB613","Hydrophiidae","Aipysurus","tenuis",0,1,1,Inf
"2015-01_Montebello.transect_stereoBRUVs","NCB613","Serranidae","Epinephelus","bilobatus",2,3,1,50
"2015-01_Montebello.transect_stereoBRUVs","NCB613","Serranidae","Epinephelus","rivulatus",1,2,1,100
"2015-01_Montebello.transect_stereoBRUVs","NCB614","Hydrophiidae","Aipysurus","laevis",0,1,1,Inf
"2015-01_Montebello.transect_stereoBRUVs","NCB614","Pomacentridae","Pristotis","obtusirostris",120,121,1,0.833333333333333
"2015-01_Montebello.transect_stereoBRUVs","NCB615","Haemulidae","Diagramma","labiosum",0,1,1,Inf
"2015-01_Montebello.transect_stereoBRUVs","NCB615","Labridae","Coris","pictoides",4,3,1,25
"2015-01_Montebello.transect_stereoBRUVs","NCB615","Tetraodontidae","Canthigaster","coronata",0,1,1,Inf
"2015-01_Montebello.transect_stereoBRUVs","NCB616","Labridae","Coris","caudimacula",2,1,1,50
"2015-01_Montebello.transect_stereoBRUVs","NCB616","Rhynchobatidae","Rhynchobatus","australiae",0,1,1,Inf
"2015-01_Montebello.transect_stereoBRUVs","NCB617","Labridae","Leptojulis","cyanopleura",2,1,1,50
"2015-01_Montebello.transect_stereoBRUVs","NCB619","Haemulidae","Diagramma","labiosum",0,1,1,Inf
"2015-01_Montebello.transect_stereoBRUVs","NCB619","Labridae","Coris","pictoides",3,2,1,33.3333333333333
"2015-01_Montebello.transect_stereoBRUVs","NCB622","Hydrophiidae","Aipysurus","laevis",0,1,1,Inf
"2015-01_Montebello.transect_stereoBRUVs","NCB623","Labridae","Bodianus","bilunulatus",2,3,1,50
"2015-01_Montebello.transect_stereoBRUVs","NCB623","Pomacentridae","Pomacentrus","coelestis",49,48,1,2.04081632653061
"2015-01_Montebello.transect_stereoBRUVs","NCB624","Acanthuridae","Ctenochaetus","striatus",2,1,1,50
"2015-01_Montebello.transect_stereoBRUVs","NCB628","Hydrophiidae","Aipysurus","laevis",0,1,1,Inf
"2015-01_Montebello.transect_stereoBRUVs","NCB629","Balistidae","Sufflamen","fraenatum",2,1,1,50
"2015-01_Montebello.transect_stereoBRUVs","NCB629","Carangidae","Atule","mate",2,1,1,50
"2015-01_Montebello.transect_stereoBRUVs","NCB630","Haemulidae","Diagramma","labiosum",0,1,1,Inf
"2015-01_Montebello.transect_stereoBRUVs","NCB630","Hydrophiidae","Aipysurus","laevis",0,1,1,Inf
"2015-01_Montebello.transect_stereoBRUVs","NCB633","Rhynchobatidae","Rhynchobatus","australiae",0,1,1,Inf
"2015-01_Montebello.transect_stereoBRUVs","NCB634","Acanthuridae","Acanthurus","olivaceus",2,3,1,50
"2015-01_Montebello.transect_stereoBRUVs","NCB634","Hydrophiidae","Aipysurus","laevis",0,1,1,Inf
"2015-01_Montebello.transect_stereoBRUVs","NCB634","Muraenidae","Gymnothorax","thrysoideus",0,1,1,Inf
"2015-01_Montebello.transect_stereoBRUVs","NCB634","Scombridae","Scomberomorus","spp",2,3,1,50
"2015-01_Montebello.transect_stereoBRUVs","NCB635","Hydrophiidae","Aipysurus","tenuis",0,1,1,Inf
"2015-01_Montebello.transect_stereoBRUVs","NCB636","Trichonotidae","Trichonotus","setiger",7,6,1,14.2857142857143
"2015-01_Montebello.transect_stereoBRUVs","NCB639","Lethrinidae","Lethrinus","ravus",2,3,1,50
"2015-01_Montebello.transect_stereoBRUVs","NCB640","Haemulidae","Diagramma","labiosum",0,1,1,Inf
"2015-01_Montebello.transect_stereoBRUVs","NCB640","Pomacanthidae","Chaetodontoplus","duboulayi",2,1,1,50
"2015-01_Montebello.transect_stereoBRUVs","NCB642","Tetraodontidae","Canthigaster","coronata",0,1,1,Inf
"2015-01_Montebello.transect_stereoBRUVs","NCB644","Lethrinidae","Lethrinus","ravus",9,8,1,11.1111111111111
"2015-01_Montebello.transect_stereoBRUVs","NCB646","Serranidae","Plectropomus","spp",2,1,1,50
"2015-01_Montebello.transect_stereoBRUVs","NCB647","Lethrinidae","Lethrinus","ravus",3,2,1,33.3333333333333
"2015-01_Montebello.transect_stereoBRUVs","NCB648","Serranidae","Plectropomus","spp",2,1,1,50
"2015-01_Montebello.transect_stereoBRUVs","NCB649","Haemulidae","Diagramma","labiosum",0,1,1,Inf
"2015-01_Montebello.transect_stereoBRUVs","NCB650","Lethrinidae","Lethrinus","ravus",11,10,1,9.09090909090909
"2015-01_Montebello.transect_stereoBRUVs","NCB650","Serranidae","Epinephelus","bilobatus",2,1,1,50
"2015-01_Montebello.transect_stereoBRUVs","NCB652","Carangidae","Atule","mate",5,4,1,20
"2015-01_Montebello.transect_stereoBRUVs","NCB652","Labridae","Leptojulis","cyanopleura",2,1,1,50
"2015-01_Montebello.transect_stereoBRUVs","NCB653","Haemulidae","Diagramma","labiosum",0,1,1,Inf
"2015-01_Montebello.transect_stereoBRUVs","NCB654","Lethrinidae","Lethrinus","ravus",2,1,1,50
"2015-01_Montebello.transect_stereoBRUVs","NCB656","Tetraodontidae","Canthigaster","coronata",0,1,1,Inf
"2015-01_Montebello.transect_stereoBRUVs","NCB657","Hydrophiidae","Aipysurus","laevis",0,1,1,Inf
"2015-01_Montebello.transect_stereoBRUVs","NCB658","Labridae","Choerodon","jordani",2,1,1,50
"2015-01_Montebello.transect_stereoBRUVs","NCB658","Labridae","Leptojulis","cyanopleura",3,2,1,33.3333333333333
"2015-01_Montebello.transect_stereoBRUVs","NCB659","Hydrophiidae","Aipysurus","laevis",0,1,1,Inf
"2015-01_Montebello.transect_stereoBRUVs","NCB664","Hydrophiidae","Aipysurus","laevis",0,1,1,Inf
"2015-01_Montebello.transect_stereoBRUVs","NCB665","Labridae","Pseudojuloides","severnsi",3,2,1,33.3333333333333
"2015-01_Montebello.transect_stereoBRUVs","NCB665","Lethrinidae","Lethrinus","ravus",11,10,1,9.09090909090909
"2015-01_Montebello.transect_stereoBRUVs","NCB665","Tetraodontidae","Lagocephalus","sceleratus",2,1,1,50
"2015-01_Montebello.transect_stereoBRUVs","NCB666","Haemulidae","Diagramma","labiosum",0,1,1,Inf
"2015-01_Montebello.transect_stereoBRUVs","NCB666","Labridae","Choerodon","jordani",3,2,1,33.3333333333333
"2015-01_Montebello.transect_stereoBRUVs","NCB666","Lutjanidae","Lutjanus","lemniscatus",5,6,1,20
"2015-01_Montebello.transect_stereoBRUVs","NCB666","Pomacanthidae","Chaetodontoplus","duboulayi",2,1,1,50
"2015-01_Montebello.transect_stereoBRUVs","NCB667","Labridae","Leptojulis","cyanopleura",2,1,1,50
"2015-01_Montebello.transect_stereoBRUVs","NCB668","Nemipteridae","Nemipterus","spp",5,6,1,20
"2015-01_Montebello.transect_stereoBRUVs","NCB672","Pomacentridae","Pristotis","obtusirostris",1,2,1,100
"2015-01_Montebello.transect_stereoBRUVs","NCB674","Apogonidae","Ostorhinchus","holotaenia",0,1,1,Inf
"2015-01_Montebello.transect_stereoBRUVs","NCB681","Rhynchobatidae","Rhynchobatus","australiae",0,1,1,Inf
"2015-01_Montebello.transect_stereoBRUVs","NCB683","Rhinobatidae","Glaucostegus","typus",0,1,1,Inf
"2015-01_Montebello.transect_stereoBRUVs","NCB684","Lethrinidae","Lethrinus","ravus",3,2,1,33.3333333333333
"2015-01_Montebello.transect_stereoBRUVs","NCB685","Tetraodontidae","Canthigaster","coronata",0,1,1,Inf
"2015-01_Montebello.transect_stereoBRUVs","NCB686","Haemulidae","Diagramma","labiosum",0,1,1,Inf
"2015-01_Montebello.transect_stereoBRUVs","NCB686","Hydrophiidae","Aipysurus","laevis",0,1,1,Inf
"2015-01_Montebello.transect_stereoBRUVs","NCB689","Haemulidae","Diagramma","labiosum",0,1,1,Inf
"2015-01_Montebello.transect_stereoBRUVs","NCB691","Haemulidae","Diagramma","labiosum",0,1,1,Inf
"2015-01_Montebello.transect_stereoBRUVs","NCB701","Rhynchobatidae","Rhynchobatus","australiae",0,1,1,Inf
"2015-01_Montebello.transect_stereoBRUVs","NCB703","Rhynchobatidae","Rhynchobatus","australiae",0,1,1,Inf
"2015-01_Montebello.transect_stereoBRUVs","NCB704","Hydrophiidae","Aipysurus","tenuis",0,1,1,Inf
"2015-01_Montebello.transect_stereoBRUVs","NCB705","Hydrophiidae","Aipysurus","tenuis",0,1,1,Inf
"2015-01_Montebello.transect_stereoBRUVs","NCB706","Labridae","Cirrhilabrus","temminckii",10,9,1,10
"2015-01_Montebello.transect_stereoBRUVs","NCB707","Carangidae","Atule","mate",3,2,1,33.3333333333333
"2015-01_Montebello.transect_stereoBRUVs","NCB709","Acanthuridae","Acanthurus","mata",22,21,1,4.54545454545455
"2015-01_Montebello.transect_stereoBRUVs","NCB711","Labridae","Bodianus","bilunulatus",1,2,1,100
"2015-01_Montebello.transect_stereoBRUVs","NCB719","Rhynchobatidae","Rhynchobatus","australiae",0,1,1,Inf
"2015-01_Montebello.transect_stereoBRUVs","NCB720","Cirrhitidae","Cirrhitichthys","falco",2,1,1,50
"2015-01_Montebello.transect_stereoBRUVs","NCB723","Lethrinidae","Lethrinus","ravus",5,4,1,20
"2015-09_Dampier.Archipelago_stereoBRUVs","MNCB324","Dasyatidae","Neotrygon","kuhlii",0,1,1,Inf
"2015-09_Dampier.Archipelago_stereoBRUVs","MNCB328","Dasyatidae","Neotrygon","kuhlii",0,1,1,Inf
"2015-09_Dampier.Archipelago_stereoBRUVs","MNCB329","Haemulidae","Diagramma","pictum",0,1,1,Inf
"2015-09_Dampier.Archipelago_stereoBRUVs","MNCB332","Nemipteridae","Scaevius","milii",2,1,1,50
"2015-09_Dampier.Archipelago_stereoBRUVs","MNCB337","Muraenidae","Gymnothorax","thrysoideus",0,1,1,Inf
"2015-09_Dampier.Archipelago_stereoBRUVs","MNCB339","Gobiidae","Unknown","purpurascens",0,1,1,Inf
"2015-09_Dampier.Archipelago_stereoBRUVs","MNCB341","Lethrinidae","Lethrinus","variegatus",3,2,1,33.3333333333333
"2015-09_Dampier.Archipelago_stereoBRUVs","MNCB347","Muraenidae","Gymnothorax","thrysoideus",0,1,1,Inf
"2015-09_Dampier.Archipelago_stereoBRUVs","MNCB348","Haemulidae","Diagramma","pictum",0,1,1,Inf
"2015-09_Dampier.Archipelago_stereoBRUVs","MNCB348","Muraenidae","Gymnothorax","thrysoideus",0,1,1,Inf
"2015-09_Dampier.Archipelago_stereoBRUVs","MNCB348","Plotosidae","Paraplotosus","butleri",2,1,1,50
"2015-09_Dampier.Archipelago_stereoBRUVs","MNCB352","Haemulidae","Diagramma","pictum",0,1,1,Inf
"2015-09_Dampier.Archipelago_stereoBRUVs","MNCB354","Chaetodontidae","Chaetodon","aureofasciatus",2,1,1,50
"2015-09_Dampier.Archipelago_stereoBRUVs","MNCB354","Muraenidae","Gymnothorax","thrysoideus",0,1,1,Inf
"2015-09_Dampier.Archipelago_stereoBRUVs","NCB1505","Carangidae","Atule","mate",15,14,1,6.66666666666667
"2015-09_Dampier.Archipelago_stereoBRUVs","NCB1507","Haemulidae","Diagramma","pictum",0,1,1,Inf
"2015-09_Dampier.Archipelago_stereoBRUVs","NCB1508","Carangidae","Atule","mate",4,3,1,25
"2015-09_Dampier.Archipelago_stereoBRUVs","NCB1508","Muraenidae","Gymnothorax","thrysoideus",0,1,1,Inf
"2015-09_Dampier.Archipelago_stereoBRUVs","NCB1510","Lutjanidae","Lutjanus","carponotatus",33,32,1,3.03030303030303
"2015-09_Dampier.Archipelago_stereoBRUVs","NCB1513","Hydrophiidae","Aipysurus","tenuis",0,1,1,Inf
"2015-09_Dampier.Archipelago_stereoBRUVs","NCB1513","Rhinobatidae","Glaucostegus","typus",0,1,1,Inf
"2015-09_Dampier.Archipelago_stereoBRUVs","NCB1515","Lethrinidae","Lethrinus","variegatus",2,1,1,50
"2015-09_Dampier.Archipelago_stereoBRUVs","NCB1516","Carangidae","Atule","mate",14,13,1,7.14285714285714
"2015-09_Dampier.Archipelago_stereoBRUVs","NCB1522","Chaetodontidae","Parachaetodon","ocellatus",2,1,1,50
"2015-09_Dampier.Archipelago_stereoBRUVs","NCB1522","Dasyatidae","Neotrygon","kuhlii",0,1,1,Inf
"2015-09_Dampier.Archipelago_stereoBRUVs","NCB1523","Haemulidae","Diagramma","pictum",0,1,1,Inf
"2015-09_Dampier.Archipelago_stereoBRUVs","NCB1523","Siganidae","Siganus","fuscescens",10,9,1,10
"2015-09_Dampier.Archipelago_stereoBRUVs","NCB1526","Labridae","Leptojulis","chrysotaenia",0,1,1,Inf
"2015-09_Dampier.Archipelago_stereoBRUVs","NCB1534","Haemulidae","Diagramma","pictum",0,1,1,Inf
"2015-09_Dampier.Archipelago_stereoBRUVs","NCB1546","Dasyatidae","Neotrygon","kuhlii",0,1,1,Inf
"2015-09_Dampier.Archipelago_stereoBRUVs","NCB1546","Rhynchobatidae","Rhynchobatus","australiae",0,1,1,Inf
"2015-09_Dampier.Archipelago_stereoBRUVs","NCB1547","Dasyatidae","Himantura","fai",0,1,1,Inf
"2015-09_Dampier.Archipelago_stereoBRUVs","NCB1548","Muraenidae","Gymnothorax","thrysoideus",0,1,1,Inf
"2015-09_Dampier.Archipelago_stereoBRUVs","NCB1548","Pomacentridae","Abudefduf","bengalensis",23,22,1,4.34782608695652
"2015-09_Dampier.Archipelago_stereoBRUVs","NCB1549","Haemulidae","Diagramma","pictum",0,1,1,Inf
"2015-09_Dampier.Archipelago_stereoBRUVs","NCB1550","Haemulidae","Diagramma","pictum",0,1,1,Inf
"2015-09_Dampier.Archipelago_stereoBRUVs","NCB1553","Haemulidae","Diagramma","pictum",0,1,1,Inf
"2015-09_Dampier.Archipelago_stereoBRUVs","NCB1554","Chaetodontidae","Chaetodon","aureofasciatus",3,2,1,33.3333333333333
"2015-09_Dampier.Archipelago_stereoBRUVs","NCB1554","Hydrophiidae","Aipysurus","tenuis",0,1,1,Inf
"2015-09_Dampier.Archipelago_stereoBRUVs","NCB1555","Haemulidae","Diagramma","pictum",0,1,1,Inf
"2015-09_Dampier.Archipelago_stereoBRUVs","NCB1557","Labridae","Leptojulis","chrysotaenia",0,1,1,Inf
"2015-09_Dampier.Archipelago_stereoBRUVs","NCB1559","Dasyatidae","Neotrygon","kuhlii",0,1,1,Inf
"2015-09_Dampier.Archipelago_stereoBRUVs","NCB1559","Haemulidae","Diagramma","pictum",0,1,1,Inf
"2015-09_Dampier.transect_stereoBRUVs","NCB1447","Hydrophiidae","Hydrophis","ornatus",0,1,1,Inf
"2015-09_Dampier.transect_stereoBRUVs","NCB1450","Synodontidae","Saurida","undosquamis",3,2,1,33.3333333333333
"2015-09_Dampier.transect_stereoBRUVs","NCB1456","Synodontidae","Saurida","undosquamis",7,6,1,14.2857142857143
"2015-09_Dampier.transect_stereoBRUVs","NCB1457","Hydrophiidae","Aipysurus","laevis",0,1,1,Inf
"2015-09_Dampier.transect_stereoBRUVs","NCB1460","Carangidae","Atule","mate",15,14,1,6.66666666666667
"2015-09_Dampier.transect_stereoBRUVs","NCB1460","Synodontidae","Saurida","undosquamis",2,1,1,50
"2015-09_Dampier.transect_stereoBRUVs","NCB1461","Hydrophiidae","Hydrophis","ornatus",0,1,1,Inf
"2015-09_Dampier.transect_stereoBRUVs","NCB1462","Synodontidae","Saurida","undosquamis",4,3,1,25
"2015-09_Dampier.transect_stereoBRUVs","NCB1466","Carangidae","Selar","boops",5,4,1,20
"2015-09_Dampier.transect_stereoBRUVs","NCB1466","Rhinobatidae","Glaucostegus","typus",0,1,1,Inf
"2015-09_Dampier.transect_stereoBRUVs","NCB1468","Carangidae","Selaroides","leptolepis",26,25,1,3.84615384615385
"2015-09_Dampier.transect_stereoBRUVs","NCB1468","Synodontidae","Saurida","undosquamis",2,1,1,50
"2015-09_Dampier.transect_stereoBRUVs","NCB1469","Hydrophiidae","Aipysurus","laevis",0,1,1,Inf
"2015-09_Dampier.transect_stereoBRUVs","NCB1470","Synodontidae","Saurida","undosquamis",2,1,1,50
"2015-09_Dampier.transect_stereoBRUVs","NCB1471","Synodontidae","Saurida","undosquamis",2,1,1,50
"2015-09_Dampier.transect_stereoBRUVs","NCB1472","Rhynchobatidae","Rhynchobatus","australiae",0,1,1,Inf
"2015-09_Dampier.transect_stereoBRUVs","NCB1474","Rhynchobatidae","Rhynchobatus","australiae",0,1,1,Inf
"2015-09_Dampier.transect_stereoBRUVs","NCB1475","Hydrophiidae","Hydrophis","elegans",0,1,1,Inf
"2015-09_Dampier.transect_stereoBRUVs","NCB1475","Synodontidae","Saurida","undosquamis",2,1,1,50
"2015-09_Dampier.transect_stereoBRUVs","NCB1476","Hydrophiidae","Hydrophis","elegans",0,1,1,Inf
"2015-09_Dampier.transect_stereoBRUVs","NCB1476","Rhynchobatidae","Rhynchobatus","australiae",0,1,1,Inf
"2015-09_Dampier.transect_stereoBRUVs","NCB1477","Muraenidae","Gymnothorax","thrysoideus",0,1,1,Inf
"2015-09_Dampier.transect_stereoBRUVs","NCB1478","Rhynchobatidae","Rhynchobatus","australiae",0,1,1,Inf
"2015-09_Dampier.transect_stereoBRUVs","NCB1479","Hydrophiidae","Aipysurus","laevis",0,1,1,Inf
"2015-09_Dampier.transect_stereoBRUVs","NCB1479","Labridae","Bodianus","solatus",2,1,1,50
"2015-09_Dampier.transect_stereoBRUVs","NCB1479","Labridae","Oxycheilinus","rhodochrous",0,1,1,Inf
"2015-09_Dampier.transect_stereoBRUVs","NCB1481","Hydrophiidae","Emydocephalus","annulatus",0,1,1,Inf
"2015-09_Dampier.transect_stereoBRUVs","NCB1484","Muraenidae","Gymnothorax","thrysoideus",0,1,1,Inf
"2015-09_Dampier.transect_stereoBRUVs","NCB1485","Haemulidae","Diagramma","pictum",0,1,1,Inf
"2015-09_Dampier.transect_stereoBRUVs","NCB1485","Hydrophiidae","Hydrophis","ornatus",0,1,1,Inf
"2015-09_Dampier.transect_stereoBRUVs","NCB1486","Hydrophiidae","Aipysurus","laevis",0,1,1,Inf
"2015-09_Dampier.transect_stereoBRUVs","NCB1491","Labridae","Oxycheilinus","rhodochrous",0,1,1,Inf
"2015-09_Dampier.transect_stereoBRUVs","NCB1492","Hydrophiidae","Aipysurus","laevis",0,1,1,Inf
"2015-09_Dampier.transect_stereoBRUVs","NCB1492","Labridae","Oxycheilinus","rhodochrous",0,1,1,Inf
"2015-09_Dampier.transect_stereoBRUVs","NCB1493","Hydrophiidae","Aipysurus","laevis",0,1,1,Inf
"2015-09_Dampier.transect_stereoBRUVs","NCB1494","Lethrinidae","Lethrinus","ravus",4,3,1,25
"2015-09_Dampier.transect_stereoBRUVs","NCB1496","Lethrinidae","Lethrinus","ravus",4,3,1,25
"2015-09_Dampier.transect_stereoBRUVs","NCB1499","Synodontidae","Saurida","undosquamis",3,2,1,33.3333333333333
"2015-09_Dampier.transect_stereoBRUVs","NCB1500","Hydrophiidae","Hydrophis","ornatus",0,1,1,Inf
"2015-09_Dampier.transect_stereoBRUVs","NCB1502","Rhynchobatidae","Rhynchobatus","australiae",0,1,1,Inf
"2015-09_Dampier.transect_stereoBRUVs","NCB1503","Rhynchobatidae","Rhynchobatus","australiae",0,1,1,Inf
"2015-09_Dampier.transect_stereoBRUVs","NCB1504","Rhynchobatidae","Rhynchobatus","australiae",0,1,1,Inf
"2015-09_Dampier.transect_stereoBRUVs","NCB1535","Rhynchobatidae","Rhynchobatus","australiae",0,1,1,Inf
"2015-09_Dampier.transect_stereoBRUVs","NCB1536","Haemulidae","Diagramma","pictum",0,1,1,Inf
"2015-09_Dampier.transect_stereoBRUVs","NCB1536","Muraenidae","Gymnothorax","thrysoideus",0,1,1,Inf
"2015-09_Dampier.transect_stereoBRUVs","NCB1536","Pomacentridae","Pomacentrus","nigromanus",2,1,1,50
"2015-09_Dampier.transect_stereoBRUVs","NCB1537","Rhinobatidae","Glaucostegus","typus",0,1,1,Inf
"2015-09_Dampier.transect_stereoBRUVs","NCB1537","Rhynchobatidae","Rhynchobatus","australiae",0,1,1,Inf
"2015-09_Dampier.transect_stereoBRUVs","NCB1540","Hydrophiidae","Aipysurus","tenuis",0,1,1,Inf
"2015-09_Dampier.transect_stereoBRUVs","NCB1541","Tetraodontidae","Lagocephalus","lunaris",2,1,1,50
"2015-09_Dampier.transect_stereoBRUVs","NCB1543","Hydrophiidae","Aipysurus","laevis",0,1,1,Inf
"2015-09_Dampier.transect_stereoBRUVs","NCB1544","Hydrophiidae","Aipysurus","laevis",0,1,1,Inf
"2015-09_Dampier.transect_stereoBRUVs","NCB1544","Muraenidae","Gymnothorax","thrysoideus",0,1,1,Inf
"2015-09_Exmouth.Gulf_stereoBRUVs","MNCB199","Plotosidae","Paraplotosus","butleri",2,1,1,50
"2015-09_Exmouth.Gulf_stereoBRUVs","MNCB200","Dasyatidae","Himantura","granulata",0,1,1,Inf
"2015-09_Exmouth.Gulf_stereoBRUVs","MNCB202","Hydrophiidae","Aipysurus","laevis",0,1,1,Inf
"2015-09_Exmouth.Gulf_stereoBRUVs","MNCB203","Hydrophiidae","Aipysurus","laevis",0,1,1,Inf
"2015-09_Exmouth.Gulf_stereoBRUVs","MNCB209","Hydrophiidae","Aipysurus","laevis",0,1,1,Inf
"2015-09_Exmouth.Gulf_stereoBRUVs","MNCB213","Carangidae","Selaroides","leptolepis",3,2,1,33.3333333333333
"2015-09_Exmouth.Gulf_stereoBRUVs","MNCB217","Hydrophiidae","Aipysurus","laevis",0,1,1,Inf
"2015-09_Exmouth.Gulf_stereoBRUVs","MNCB218","Latidae","Psammoperca","waigiensis",0,1,1,Inf
"2015-09_Exmouth.Gulf_stereoBRUVs","MNCB221","Pomacentridae","Pomacentrus","milleri",16,15,1,6.25
"2015-09_Exmouth.Gulf_stereoBRUVs","MNCB222","Latidae","Psammoperca","waigiensis",0,1,1,Inf
"2015-09_Exmouth.Gulf_stereoBRUVs","MNCB222","Pomacentridae","Pomacentrus","milleri",14,13,1,7.14285714285714
"2015-09_Exmouth.Gulf_stereoBRUVs","MNCB223","Pomacentridae","Pomacentrus","milleri",2,1,1,50
"2015-09_Exmouth.Gulf_stereoBRUVs","MNCB227","Pomacentridae","Pomacentrus","milleri",2,1,1,50
"2015-09_Exmouth.Gulf_stereoBRUVs","MNCB229","Latidae","Psammoperca","waigiensis",0,1,1,Inf
"2015-09_Exmouth.Gulf_stereoBRUVs","MNCB232","Latidae","Psammoperca","waigiensis",0,1,1,Inf
"2015-09_Exmouth.Gulf_stereoBRUVs","MNCB235","Latidae","Psammoperca","waigiensis",0,1,1,Inf
"2015-09_Exmouth.Gulf_stereoBRUVs","MNCB239","Latidae","Psammoperca","waigiensis",0,1,1,Inf
"2015-09_Exmouth.Gulf_stereoBRUVs","MNCB242","Pomacentridae","Pomacentrus","milleri",2,1,1,50
"2015-09_Exmouth.Gulf_stereoBRUVs","MNCB249","Latidae","Psammoperca","waigiensis",0,1,1,Inf
"2015-09_Exmouth.Gulf_stereoBRUVs","MNCB252","Latidae","Psammoperca","waigiensis",0,1,1,Inf
"2015-09_Exmouth.Gulf_stereoBRUVs","MNCB253","Latidae","Psammoperca","waigiensis",0,1,1,Inf
"2015-09_Exmouth.Gulf_stereoBRUVs","MNCB255","Pomacentridae","Pomacentrus","milleri",3,2,1,33.3333333333333
"2015-09_Exmouth.Gulf_stereoBRUVs","MNCB256","Pomacentridae","Pomacentrus","milleri",3,2,1,33.3333333333333
"2015-09_Exmouth.Gulf_stereoBRUVs","MNCB269","Acanthuridae","Acanthurus","grammoptilus",11,10,1,9.09090909090909
"2015-09_Exmouth.Gulf_stereoBRUVs","NCB1281","Nemipteridae","Scaevius","milii",2,1,1,50
"2015-09_Exmouth.Gulf_stereoBRUVs","NCB1291","Hydrophiidae","Astrotia","stokesii",0,1,1,Inf
"2015-09_Exmouth.Gulf_stereoBRUVs","NCB1300","Rhynchobatidae","Rhynchobatus","australiae",0,1,1,Inf
"2015-09_Exmouth.Gulf_stereoBRUVs","NCB1304","Terapontidae","Pelates","octolineatus",69,68,1,1.44927536231884
"2015-09_Exmouth.Gulf_stereoBRUVs","NCB1308","Rhinobatidae","Glaucostegus","typus",0,1,1,Inf
"2015-09_Exmouth.Gulf_stereoBRUVs","NCB1313","Rhinobatidae","Glaucostegus","typus",0,1,1,Inf
"2015-09_Exmouth.Gulf_stereoBRUVs","NCB1322","Carangidae","Selaroides","leptolepis",2,1,1,50
"2015-09_Exmouth.Gulf_stereoBRUVs","NCB1326","Hydrophiidae","Aipysurus","tenuis",0,1,1,Inf
"2015-09_Exmouth.Gulf_stereoBRUVs","NCB1345","Dasyatidae","Himantura","fai",0,1,1,Inf
"2015-09_Exmouth.Gulf_stereoBRUVs","NCB1355","Haemulidae","Diagramma","pictum",0,1,1,Inf
"2015-09_Exmouth.Gulf_stereoBRUVs","NCB1358","Muraenidae","Gymnothorax","thrysoideus",0,1,1,Inf
"2015-09_Mackerel.Islands.shallow_stereoBRUVs","MNCB277","Haemulidae","Plectorhinchus","unicolor",0,1,1,Inf
"2015-09_Mackerel.Islands.shallow_stereoBRUVs","MNCB277","Latidae","Psammoperca","waigiensis",0,1,1,Inf
"2015-09_Mackerel.Islands.shallow_stereoBRUVs","MNCB281","Mullidae","Parupeneus","indicus",2,1,1,50
"2015-09_Mackerel.Islands.shallow_stereoBRUVs","MNCB283","Haemulidae","Diagramma","pictum",0,1,1,Inf
"2015-09_Mackerel.Islands.shallow_stereoBRUVs","MNCB292","Haemulidae","Diagramma","pictum",0,1,1,Inf
"2015-09_Mackerel.Islands.shallow_stereoBRUVs","MNCB292","Labridae","Choerodon","cauteroma",2,1,1,50
"2015-09_Mackerel.Islands.shallow_stereoBRUVs","MNCB304","Hydrophiidae","Astrotia","stokesii",0,1,1,Inf
"2015-09_Mackerel.Islands.shallow_stereoBRUVs","MNCB306","Scombridae","Cybiosarda","elegans",14,13,1,7.14285714285714
"2015-09_Mackerel.Islands.shallow_stereoBRUVs","MNCB312","Pomacentridae","Pomacentrus","milleri",6,5,1,16.6666666666667
"2015-09_Mackerel.Islands.shallow_stereoBRUVs","MNCB313","Pomacentridae","Pomacentrus","milleri",22,21,1,4.54545454545455
"2015-09_Mackerel.Islands.shallow_stereoBRUVs","MNCB314","Pomacentridae","Pomacentrus","milleri",18,17,1,5.55555555555556
"2015-09_Mackerel.Islands.shallow_stereoBRUVs","MNCB314","Siganidae","Siganus","doliatus",3,2,1,33.3333333333333
"2015-09_Mackerel.Islands.shallow_stereoBRUVs","MNCB322","Pomacentridae","Pomacentrus","milleri",7,6,1,14.2857142857143
"2015-09_Mackerel.Islands.shallow_stereoBRUVs","NCB1418","Pomacentridae","Abudefduf","bengalensis",21,20,1,4.76190476190476
"2015-09_Mackerel.Islands.shallow_stereoBRUVs","NCB1421","Hydrophiidae","Aipysurus","laevis",0,1,1,Inf
"2015-09_Mackerel.Islands.shallow_stereoBRUVs","NCB1421","Labridae","Choerodon","cauteroma",0,1,1,Inf
"2015-09_Mackerel.Islands.shallow_stereoBRUVs","NCB1429","Rhynchobatidae","Rhynchobatus","australiae",0,1,1,Inf
"2015-09_Mackerel.Islands.shallow_stereoBRUVs","NCB1436","Rhynchobatidae","Rhynchobatus","australiae",0,1,1,Inf
"2015-09_Mackerel.Islands.shallow_stereoBRUVs","NCB1438","Mullidae","Upeneus","tragula",1,2,1,100
"2015-09_Mackerel.Islands.shallow_stereoBRUVs","NCB1439","Monacanthidae","Paramonacanthus","choirocephalus",2,1,1,50
