"","campaignid","family","genus","species","family_correct","genus_correct","species_correct"
"1","2014-05_Exmouth.to.Dampier.shallow_stereoBRUVs","Haemulidae","Diagramma","labiosum","Haemulidae","Diagramma","pictum labiosum"
"2","2014-05_Exmouth.to.Dampier.shallow_stereoBRUVs","Synodontidae","Trachinocephalus","myops","Synodontidae","Trachinocephalus","trachinus"
"3","2014-05_Exmouth.to.Dampier.shallow_stereoBRUVs","Tetraodontidae","Canthigaster","coronata","Tetraodontidae","Canthigaster","axiologus"
"4","2014-05_Exmouth.to.Dampier.shallow_stereoBRUVs","Apogonidae","Apogon","doederleini","Apogonidae","Ostorhinchus","doederleini"
"5","2014-05_Exmouth.to.Dampier.shallow_stereoBRUVs","Rhynchobatidae","Rhynchobatus","australiae","Rhinidae","Rhynchobatus","australiae"
"6","2014-05_Exmouth.to.Dampier.shallow_stereoBRUVs","Dasyatidae","Neotrygon","kuhlii","Dasyatidae","Neotrygon","australiae"
"7","2014-10_Exmouth.to.Dampier.deep_stereoBRUVs","Haemulidae","Diagramma","pictum","Haemulidae","Diagramma","pictum labiosum"
"8","2014-10_Exmouth.to.Dampier.deep_stereoBRUVs","Rhynchobatidae","Rhynchobatus","australiae","Rhinidae","Rhynchobatus","australiae"
"9","2014-10_Exmouth.to.Dampier.deep_stereoBRUVs","Haemulidae","Plectorhinchus","unicolor","Haemulidae","Plectorhinchus","schotaf"
"10","2014-10_Exmouth.to.Dampier.deep_stereoBRUVs","Priacanthidae","Priacamthus","hamrur","Priacanthidae","Priacanthus","hamrur"
"11","2014-10_Exmouth.to.Dampier.deep_stereoBRUVs","Labridae","Oxycheilinus","rhodochrous","Labridae","Oxycheilinus","orientalis"
"12","2014-10_Exmouth.to.Dampier.deep_stereoBRUVs","Dasyatidae","Neotrygon","kuhlii","Dasyatidae","Neotrygon","australiae"
"13","2014-10_Exmouth.to.Dampier.deep_stereoBRUVs","Dasyatidae","Himantura","granulata","Dasyatidae","Urogymnus","granulatus"
"14","2014-10_Montebello.sanctuaries_stereoBRUVs","Dasyatidae","Neotrygon","kuhlii","Dasyatidae","Neotrygon","australiae"
"15","2014-10_Montebello.sanctuaries_stereoBRUVs","Rhynchobatidae","Rhynchobatus","australiae","Rhinidae","Rhynchobatus","australiae"
"16","2014-10_Montebello.sanctuaries_stereoBRUVs","Haemulidae","Diagramma","labiosum","Haemulidae","Diagramma","pictum labiosum"
"17","2014-10_Montebello.sanctuaries_stereoBRUVs","Dasyatidae","Himantura","jenkinsii","Dasyatidae","Pateobatis","jenkinsii"
"18","2014-10_Montebello.sanctuaries_stereoBRUVs","Dasyatidae","Taeniura","meyeni","Dasyatidae","Taeniurops","meyeni"
"19","2014-10_Montebello.sanctuaries_stereoBRUVs","Dasyatidae","Himantura","fai","Dasyatidae","Pateobatis","fai"
"20","2014-10_Ningaloo.shallow.sanctuaries_stereoBRUVs","Haemulidae","Plectorhinchus","unicolor","Haemulidae","Plectorhinchus","schotaf"
"21","2014-10_Ningaloo.shallow.sanctuaries_stereoBRUVs","Dasyatidae","Neotrygon","kuhlii","Dasyatidae","Neotrygon","australiae"
"22","2014-10_Ningaloo.shallow.sanctuaries_stereoBRUVs","Haemulidae","Diagramma","labiosum","Haemulidae","Diagramma","pictum labiosum"
"23","2014-10_Ningaloo.shallow.sanctuaries_stereoBRUVs","Monocanthidae","Cantherhines","dumerilii","Monacanthidae","Cantherhines","dumerilii"
"24","2015-01_Montebello.transect_stereoBRUVs","Haemulidae","Diagramma","labiosum","Haemulidae","Diagramma","pictum labiosum"
"25","2015-01_Montebello.transect_stereoBRUVs","Rhynchobatidae","Rhynchobatus","australiae","Rhinidae","Rhynchobatus","australiae"
"26","2015-01_Montebello.transect_stereoBRUVs","Tetraodontidae","Canthigaster","coronata","Tetraodontidae","Canthigaster","axiologus"
"27","2015-01_Montebello.transect_stereoBRUVs","Rhinobatidae","Glaucostegus","typus","Glaucostegidae","Glaucostegus","typus"
"28","2015-09_Dampier.Archipelago_stereoBRUVs","Haemulidae","Diagramma","pictum","Haemulidae","Diagramma","pictum labiosum"
"29","2015-09_Dampier.Archipelago_stereoBRUVs","Dasyatidae","Neotrygon","kuhlii","Dasyatidae","Neotrygon","australiae"
"30","2015-09_Dampier.Archipelago_stereoBRUVs","Rhinobatidae","Glaucostegus","typus","Glaucostegidae","Glaucostegus","typus"
"31","2015-09_Dampier.Archipelago_stereoBRUVs","Muraenidae","Gymnothorax","thrysoideus","Muraenidae","Gymnothorax","thyrsoideus"
"32","2015-09_Dampier.Archipelago_stereoBRUVs","Rhynchobatidae","Rhynchobatus","australiae","Rhinidae","Rhynchobatus","australiae"
"33","2015-09_Dampier.Archipelago_stereoBRUVs","Gobiidae","Unknown","purpurascens","Gobiidae","Taenioides","purpurascens"
"34","2015-09_Dampier.transect_stereoBRUVs","Labridae","Oxycheilinus","rhodochrous","Labridae","Oxycheilinus","orientalis"
"35","2015-09_Dampier.transect_stereoBRUVs","Haemulidae","Diagramma","pictum","Haemulidae","Diagramma","pictum labiosum"
"36","2015-09_Dampier.transect_stereoBRUVs","Rhynchobatidae","Rhynchobatus","australiae","Rhinidae","Rhynchobatus","australiae"
"37","2015-09_Dampier.transect_stereoBRUVs","Muraenidae","Gymnothorax","thrysoideus","Muraenidae","Gymnothorax","thyrsoideus"
"38","2015-09_Dampier.transect_stereoBRUVs","Rhinobatidae","Glaucostegus","typus","Glaucostegidae","Glaucostegus","typus"
"39","2015-09_Exmouth.Gulf_stereoBRUVs","Latidae","Psammoperca","waigiensis","Latidae","Psammoperca","datnioides"
"40","2015-09_Exmouth.Gulf_stereoBRUVs","Rhinobatidae","Glaucostegus","typus","Glaucostegidae","Glaucostegus","typus"
"41","2015-09_Exmouth.Gulf_stereoBRUVs","Dasyatidae","Himantura","fai","Dasyatidae","Pateobatis","fai"
"42","2015-09_Exmouth.Gulf_stereoBRUVs","Haemulidae","Diagramma","pictum","Haemulidae","Diagramma","pictum labiosum"
"43","2015-09_Exmouth.Gulf_stereoBRUVs","Dasyatidae","Himantura","granulata","Dasyatidae","Urogymnus","granulatus"
"44","2015-09_Exmouth.Gulf_stereoBRUVs","Rhynchobatidae","Rhynchobatus","australiae","Rhinidae","Rhynchobatus","australiae"
"45","2015-09_Mackerel.Islands.shallow_stereoBRUVs","Haemulidae","Diagramma","pictum","Haemulidae","Diagramma","pictum labiosum"
"46","2015-09_Mackerel.Islands.shallow_stereoBRUVs","Rhynchobatidae","Rhynchobatus","australiae","Rhinidae","Rhynchobatus","australiae"
"47","2015-09_Mackerel.Islands.shallow_stereoBRUVs","Latidae","Psammoperca","waigiensis","Latidae","Psammoperca","datnioides"
"48","2015-09_Mackerel.Islands.shallow_stereoBRUVs","Haemulidae","Plectorhinchus","unicolor","Haemulidae","Plectorhinchus","schotaf"
"49","2014-05_Exmouth.to.Dampier.shallow_stereoBRUVs","Muraenidae","Gymnothorax","thrysoideus","Muraenidae","Gymnothorax","thyrsoideus"
"50","2014-05_Exmouth.to.Dampier.shallow_stereoBRUVs","Dasyatidae","Himantura","jenkinsii","Dasyatidae","Pateobatis","jenkinsii"
"51","2014-05_Exmouth.to.Dampier.shallow_stereoBRUVs","Labridae","Oxycheilinus","rhodochrous","Labridae","Oxycheilinus","orientalis"
"52","2014-10_Exmouth.to.Dampier.deep_stereoBRUVs","Dasyatidae","Himantura","jenkinsii","Dasyatidae","Pateobatis","jenkinsii"
"53","2014-10_Exmouth.to.Dampier.deep_stereoBRUVs","Dasyatidae","Himantura","fai","Dasyatidae","Pateobatis","fai"
"54","2014-10_Montebello.sanctuaries_stereoBRUVs","Latidae","Psammoperca","waigiensis","Latidae","Psammoperca","datnioides"
"55","2014-10_Montebello.sanctuaries_stereoBRUVs","Muraenidae","Gymnothorax","thrysoideus","Muraenidae","Gymnothorax","thyrsoideus"
"56","2014-10_Ningaloo.shallow.sanctuaries_stereoBRUVs","Muraenidae","Gymnothorax","thrysoideus","Muraenidae","Gymnothorax","thyrsoideus"
"57","2014-10_Ningaloo.shallow.sanctuaries_stereoBRUVs","Rhynchobatidae","Rhynchobatus","australiae","Rhinidae","Rhynchobatus","australiae"
"58","2014-10_Ningaloo.shallow.sanctuaries_stereoBRUVs","Muraenidae","Gymnothorax","rueppellii","Muraenidae","Gymnothorax","rueppelliae"
"59","2015-01_Montebello.transect_stereoBRUVs","Muraenidae","Gymnothorax","thrysoideus","Muraenidae","Gymnothorax","thyrsoideus"
"60","2015-09_Dampier.Archipelago_stereoBRUVs","Dasyatidae","Himantura","fai","Dasyatidae","Pateobatis","fai"
"61","2015-09_Exmouth.Gulf_stereoBRUVs","Muraenidae","Gymnothorax","thrysoideus","Muraenidae","Gymnothorax","thyrsoideus"
